year,doy,s3_path
2025,1,noaa-goes18/ABI-L2-CMIPF/2025/001/00/OR_ABI-L2-CMIPF-M6C07_G18_s20250010040216_e20250010049535_c20250010050001.nc
2025,2,noaa-goes18/ABI-L2-CMIPF/2025/002/00/OR_ABI-L2-CMIPF-M6C07_G18_s20250020040217_e20250020049537_c20250020050012.nc
2025,3,noaa-goes18/ABI-L2-CMIPF/2025/003/00/OR_ABI-L2-CMIPF-M6C07_G18_s20250030040219_e20250030049539_c20250030050005.nc
2025,4,noaa-goes18/ABI-L2-CMIPF/2025/004/00/OR_ABI-L2-CMIPF-M6C07_G18_s20250040040221_e20250040049541_c20250040050007.nc
2025,5,noaa-goes18/ABI-L2-CMIPF/2025/005/00/OR_ABI-L2-CMIPF-M6C07_G18_s20250050040222_e20250050049542_c20250050050012.nc
2025,6,noaa-goes18/ABI-L2-CMIPF/2025/006/00/OR_ABI-L2-CMIPF-M6C07_G18_s20250060040224_e20250060049544_c20250060050018.nc
2025,7,noaa-goes18/ABI-L2-CMIPF/2025/007/00/OR_ABI-L2-CMIPF-M6C07_G18_s20250070040203_e20250070049523_c20250070049589.nc
2025,8,noaa-goes18/ABI-L2-CMIPF/2025/008/00/OR_ABI-L2-CMIPF-M6C07_G18_s20250080040204_e20250080049524_c20250080049582.nc
2025,9,noaa-goes18/ABI-L2-CMIPF/2025/009/00/OR_ABI-L2-CMIPF-M6C07_G18_s20250090040206_e20250090049525_c20250090049569.nc
2025,10,noaa-goes18/ABI-L2-CMIPF/2025/010/00/OR_ABI-L2-CMIPF-M6C07_G18_s20250100040208_e20250100049527_c20250100049590.nc
2025,11,noaa-goes18/ABI-L2-CMIPF/2025/011/00/OR_ABI-L2-CMIPF-M6C07_G18_s20250110040209_e20250110049529_c20250110049575.nc
2025,12,noaa-goes18/ABI-L2-CMIPF/2025/012/00/OR_ABI-L2-CMIPF-M6C07_G18_s20250120040211_e20250120049531_c20250120049578.nc
2025,13,noaa-goes18/ABI-L2-CMIPF/2025/013/00/OR_ABI-L2-CMIPF-M6C07_G18_s20250130040212_e20250130049533_c20250130049591.nc
2025,14,noaa-goes18/ABI-L2-CMIPF/2025/014/00/OR_ABI-L2-CMIPF-M6C07_G18_s20250140040214_e20250140049534_c20250140049586.nc
2025,15,noaa-goes18/ABI-L2-CMIPF/2025/015/00/OR_ABI-L2-CMIPF-M6C07_G18_s20250150040216_e20250150049535_c20250150049591.nc
2025,16,noaa-goes18/ABI-L2-CMIPF/2025/016/00/OR_ABI-L2-CMIPF-M6C07_G18_s20250160040217_e20250160049537_c20250160049599.nc
2025,17,noaa-goes18/ABI-L2-CMIPF/2025/017/00/OR_ABI-L2-CMIPF-M6C07_G18_s20250170040219_e20250170049539_c20250170049586.nc
2025,18,noaa-goes18/ABI-L2-CMIPF/2025/018/00/OR_ABI-L2-CMIPF-M6C07_G18_s20250180040221_e20250180049540_c20250180049596.nc
2025,19,noaa-goes18/ABI-L2-CMIPF/2025/019/00/OR_ABI-L2-CMIPF-M6C07_G18_s20250190040222_e20250190049542_c20250190050003.nc
2025,20,noaa-goes18/ABI-L2-CMIPF/2025/020/00/OR_ABI-L2-CMIPF-M6C07_G18_s20250200040224_e20250200049544_c20250200050003.nc
2025,21,noaa-goes18/ABI-L2-CMIPF/2025/021/00/OR_ABI-L2-CMIPF-M6C07_G18_s20250210040203_e20250210049523_c20250210049570.nc
2025,22,noaa-goes18/ABI-L2-CMIPF/2025/022/00/OR_ABI-L2-CMIPF-M6C07_G18_s20250220040204_e20250220049524_c20250220049594.nc
2025,23,noaa-goes18/ABI-L2-CMIPF/2025/023/00/OR_ABI-L2-CMIPF-M6C07_G18_s20250230040206_e20250230049526_c20250230049582.nc
2025,24,noaa-goes18/ABI-L2-CMIPF/2025/024/00/OR_ABI-L2-CMIPF-M6C07_G18_s20250240040208_e20250240049527_c20250240049585.nc
2025,25,noaa-goes18/ABI-L2-CMIPF/2025/025/00/OR_ABI-L2-CMIPF-M6C07_G18_s20250250040209_e20250250049529_c20250250049596.nc
2025,26,noaa-goes18/ABI-L2-CMIPF/2025/026/00/OR_ABI-L2-CMIPF-M6C07_G18_s20250260040211_e20250260049531_c20250260050004.nc
2025,27,noaa-goes18/ABI-L2-CMIPF/2025/027/00/OR_ABI-L2-CMIPF-M6C07_G18_s20250270040213_e20250270049532_c20250270049596.nc
2025,28,noaa-goes18/ABI-L2-CMIPF/2025/028/00/OR_ABI-L2-CMIPF-M6C07_G18_s20250280040214_e20250280049534_c20250280050001.nc
2025,29,noaa-goes18/ABI-L2-CMIPF/2025/029/00/OR_ABI-L2-CMIPF-M6C07_G18_s20250290040216_e20250290049536_c20250290049597.nc
2025,30,noaa-goes18/ABI-L2-CMIPF/2025/030/00/OR_ABI-L2-CMIPF-M6C07_G18_s20250300040217_e20250300049537_c20250300050007.nc
2025,31,noaa-goes18/ABI-L2-CMIPF/2025/031/00/OR_ABI-L2-CMIPF-M6C07_G18_s20250310040219_e20250310049539_c20250310050001.nc
2025,32,noaa-goes18/ABI-L2-CMIPF/2025/032/00/OR_ABI-L2-CMIPF-M6C07_G18_s20250320040221_e20250320049541_c20250320050009.nc
2025,33,noaa-goes18/ABI-L2-CMIPF/2025/033/00/OR_ABI-L2-CMIPF-M6C07_G18_s20250330040222_e20250330049542_c20250330050000.nc
2025,34,noaa-goes18/ABI-L2-CMIPF/2025/034/00/OR_ABI-L2-CMIPF-M6C07_G18_s20250340040224_e20250340049544_c20250340050001.nc
2025,35,noaa-goes18/ABI-L2-CMIPF/2025/035/00/OR_ABI-L2-CMIPF-M6C07_G18_s20250350040203_e20250350049522_c20250350049583.nc
2025,36,noaa-goes18/ABI-L2-CMIPF/2025/036/00/OR_ABI-L2-CMIPF-M6C07_G18_s20250360040204_e20250360049524_c20250360049586.nc
2025,37,noaa-goes18/ABI-L2-CMIPF/2025/037/00/OR_ABI-L2-CMIPF-M6C07_G18_s20250370040206_e20250370049526_c20250370049592.nc
2025,38,noaa-goes18/ABI-L2-CMIPF/2025/038/00/OR_ABI-L2-CMIPF-M6C07_G18_s20250380040208_e20250380049527_c20250380049597.nc
2025,39,noaa-goes18/ABI-L2-CMIPF/2025/039/00/OR_ABI-L2-CMIPF-M6C07_G18_s20250390040209_e20250390049529_c20250390049589.nc
2025,40,noaa-goes18/ABI-L2-CMIPF/2025/040/00/OR_ABI-L2-CMIPF-M6C07_G18_s20250400040211_e20250400049531_c20250400049598.nc
2025,41,noaa-goes18/ABI-L2-CMIPF/2025/041/00/OR_ABI-L2-CMIPF-M6C07_G18_s20250410040213_e20250410049532_c20250410050002.nc
2025,42,noaa-goes18/ABI-L2-CMIPF/2025/042/00/OR_ABI-L2-CMIPF-M6C07_G18_s20250420040214_e20250420049534_c20250420049599.nc
2025,43,noaa-goes18/ABI-L2-CMIPF/2025/043/00/OR_ABI-L2-CMIPF-M6C07_G18_s20250430040216_e20250430049535_c20250430050011.nc
2025,44,noaa-goes18/ABI-L2-CMIPF/2025/044/00/OR_ABI-L2-CMIPF-M6C07_G18_s20250440040217_e20250440049538_c20250440050006.nc
2025,45,noaa-goes18/ABI-L2-CMIPF/2025/045/00/OR_ABI-L2-CMIPF-M6C07_G18_s20250450040219_e20250450049539_c20250450050001.nc
2025,46,noaa-goes18/ABI-L2-CMIPF/2025/046/00/OR_ABI-L2-CMIPF-M6C07_G18_s20250460040221_e20250460049540_c20250460050011.nc
2025,47,noaa-goes18/ABI-L2-CMIPF/2025/047/00/OR_ABI-L2-CMIPF-M6C07_G18_s20250470040222_e20250470049542_c20250470050008.nc
2025,48,noaa-goes18/ABI-L2-CMIPF/2025/048/00/OR_ABI-L2-CMIPF-M6C07_G18_s20250480040224_e20250480049544_c20250480050007.nc
2025,49,noaa-goes18/ABI-L2-CMIPF/2025/049/00/OR_ABI-L2-CMIPF-M6C07_G18_s20250490040203_e20250490049522_c20250490049582.nc
2025,50,noaa-goes18/ABI-L2-CMIPF/2025/050/00/OR_ABI-L2-CMIPF-M6C07_G18_s20250500040204_e20250500049524_c20250500049585.nc
2025,51,noaa-goes18/ABI-L2-CMIPF/2025/051/00/OR_ABI-L2-CMIPF-M6C07_G18_s20250510040206_e20250510049526_c20250510049584.nc
2025,52,noaa-goes18/ABI-L2-CMIPF/2025/052/00/OR_ABI-L2-CMIPF-M6C07_G18_s20250520040208_e20250520049528_c20250520049593.nc
2025,53,noaa-goes18/ABI-L2-CMIPF/2025/053/00/OR_ABI-L2-CMIPF-M6C07_G18_s20250530040209_e20250530049529_c20250530049592.nc
2025,54,noaa-goes18/ABI-L2-CMIPF/2025/054/00/OR_ABI-L2-CMIPF-M6C07_G18_s20250540040211_e20250540049531_c20250540049582.nc
2025,55,noaa-goes18/ABI-L2-CMIPF/2025/055/00/OR_ABI-L2-CMIPF-M6C07_G18_s20250550040212_e20250550049533_c20250550049588.nc
2025,56,noaa-goes18/ABI-L2-CMIPF/2025/056/00/OR_ABI-L2-CMIPF-M6C07_G18_s20250560040214_e20250560049534_c20250560049594.nc
2025,57,noaa-goes18/ABI-L2-CMIPF/2025/057/00/OR_ABI-L2-CMIPF-M6C07_G18_s20250570040216_e20250570049536_c20250570049598.nc
2025,58,noaa-goes18/ABI-L2-CMIPF/2025/058/00/OR_ABI-L2-CMIPF-M6C07_G18_s20250580040217_e20250580049537_c20250580049590.nc
2025,59,noaa-goes18/ABI-L2-CMIPF/2025/059/00/OR_ABI-L2-CMIPF-M6C07_G18_s20250590040219_e20250590049539_c20250590049594.nc
2025,60,noaa-goes18/ABI-L2-CMIPF/2025/060/00/OR_ABI-L2-CMIPF-M6C07_G18_s20250600040221_e20250600049541_c20250600050003.nc
2025,61,noaa-goes18/ABI-L2-CMIPF/2025/061/00/OR_ABI-L2-CMIPF-M6C07_G18_s20250610040222_e20250610049542_c20250610050004.nc
2025,62,noaa-goes18/ABI-L2-CMIPF/2025/062/00/OR_ABI-L2-CMIPF-M6C07_G18_s20250620040224_e20250620049544_c20250620050014.nc
2025,63,noaa-goes18/ABI-L2-CMIPF/2025/063/00/OR_ABI-L2-CMIPF-M6C07_G18_s20250630040203_e20250630049523_c20250630049580.nc
2025,64,noaa-goes18/ABI-L2-CMIPF/2025/064/00/OR_ABI-L2-CMIPF-M6C07_G18_s20250640040204_e20250640049525_c20250640049588.nc
2025,65,noaa-goes18/ABI-L2-CMIPF/2025/065/00/OR_ABI-L2-CMIPF-M6C07_G18_s20250650040206_e20250650049526_c20250650049583.nc
2025,66,noaa-goes18/ABI-L2-CMIPF/2025/066/00/OR_ABI-L2-CMIPF-M6C07_G18_s20250660040208_e20250660049527_c20250660049592.nc
2025,67,noaa-goes18/ABI-L2-CMIPF/2025/067/00/OR_ABI-L2-CMIPF-M6C07_G18_s20250670040209_e20250670049529_c20250670049585.nc
2025,68,noaa-goes18/ABI-L2-CMIPF/2025/068/00/OR_ABI-L2-CMIPF-M6C07_G18_s20250680040211_e20250680049531_c20250680049599.nc
2025,69,noaa-goes18/ABI-L2-CMIPF/2025/069/00/OR_ABI-L2-CMIPF-M6C07_G18_s20250690040213_e20250690049532_c20250690049599.nc
2025,70,noaa-goes18/ABI-L2-CMIPF/2025/070/00/OR_ABI-L2-CMIPF-M6C07_G18_s20250700040214_e20250700049534_c20250700049593.nc
2025,71,noaa-goes18/ABI-L2-CMIPF/2025/071/00/OR_ABI-L2-CMIPF-M6C07_G18_s20250710040216_e20250710049536_c20250710049598.nc
2025,72,noaa-goes18/ABI-L2-CMIPF/2025/072/00/OR_ABI-L2-CMIPF-M6C07_G18_s20250720040218_e20250720049537_c20250720050006.nc
2025,73,noaa-goes18/ABI-L2-CMIPF/2025/073/00/OR_ABI-L2-CMIPF-M6C07_G18_s20250730040219_e20250730049540_c20250730049599.nc
2025,74,noaa-goes18/ABI-L2-CMIPF/2025/074/00/OR_ABI-L2-CMIPF-M6C07_G18_s20250740040221_e20250740049541_c20250740050004.nc
2025,75,noaa-goes18/ABI-L2-CMIPF/2025/075/00/OR_ABI-L2-CMIPF-M6C07_G18_s20250750040222_e20250750049542_c20250750050011.nc
2025,76,noaa-goes18/ABI-L2-CMIPF/2025/076/00/OR_ABI-L2-CMIPF-M6C07_G18_s20250760040224_e20250760049544_c20250760050003.nc
2025,77,noaa-goes18/ABI-L2-CMIPF/2025/077/00/OR_ABI-L2-CMIPF-M6C07_G18_s20250770040203_e20250770049522_c20250770049583.nc
2025,78,noaa-goes18/ABI-L2-CMIPF/2025/078/00/OR_ABI-L2-CMIPF-M6C07_G18_s20250780040204_e20250780049524_c20250780049588.nc
2025,79,noaa-goes18/ABI-L2-CMIPF/2025/079/00/OR_ABI-L2-CMIPF-M6C07_G18_s20250790040206_e20250790049526_c20250790049597.nc
2025,80,noaa-goes18/ABI-L2-CMIPF/2025/080/00/OR_ABI-L2-CMIPF-M6C07_G18_s20250800040207_e20250800049527_c20250800049589.nc
2025,81,noaa-goes18/ABI-L2-CMIPF/2025/081/00/OR_ABI-L2-CMIPF-M6C07_G18_s20250810040209_e20250810049529_c20250810049589.nc
2025,82,noaa-goes18/ABI-L2-CMIPF/2025/082/00/OR_ABI-L2-CMIPF-M6C07_G18_s20250820040211_e20250820049530_c20250820049587.nc
2025,83,noaa-goes18/ABI-L2-CMIPF/2025/083/00/OR_ABI-L2-CMIPF-M6C07_G18_s20250830040212_e20250830049532_c20250830049589.nc
2025,84,noaa-goes18/ABI-L2-CMIPF/2025/084/00/OR_ABI-L2-CMIPF-M6C07_G18_s20250840040213_e20250840049533_c20250840050005.nc
2025,85,noaa-goes18/ABI-L2-CMIPF/2025/085/00/OR_ABI-L2-CMIPF-M6C07_G18_s20250850040215_e20250850049535_c20250850049598.nc
2025,86,noaa-goes18/ABI-L2-CMIPF/2025/086/00/OR_ABI-L2-CMIPF-M6C07_G18_s20250860040216_e20250860049537_c20250860050000.nc
2025,87,noaa-goes18/ABI-L2-CMIPF/2025/087/00/OR_ABI-L2-CMIPF-M6C07_G18_s20250870040218_e20250870049538_c20250870050007.nc
2025,88,noaa-goes18/ABI-L2-CMIPF/2025/088/00/OR_ABI-L2-CMIPF-M6C07_G18_s20250880040219_e20250880049540_c20250880050000.nc
2025,89,noaa-goes18/ABI-L2-CMIPF/2025/089/00/OR_ABI-L2-CMIPF-M6C07_G18_s20250890040220_e20250890049541_c20250890050005.nc
2025,90,noaa-goes18/ABI-L2-CMIPF/2025/090/00/OR_ABI-L2-CMIPF-M6C07_G18_s20250900040222_e20250900049542_c20250900050000.nc
2025,91,noaa-goes18/ABI-L2-CMIPF/2025/091/00/OR_ABI-L2-CMIPF-M6C07_G18_s20250910040203_e20250910049524_c20250910049583.nc
2025,92,noaa-goes18/ABI-L2-CMIPF/2025/092/00/OR_ABI-L2-CMIPF-M6C07_G18_s20250920040204_e20250920049524_c20250920049587.nc
2025,93,noaa-goes18/ABI-L2-CMIPF/2025/093/00/OR_ABI-L2-CMIPF-M6C07_G18_s20250930040205_e20250930049525_c20250930049593.nc
2025,94,noaa-goes18/ABI-L2-CMIPF/2025/094/00/OR_ABI-L2-CMIPF-M6C07_G18_s20250940040207_e20250940049527_c20250940049599.nc
2025,95,noaa-goes18/ABI-L2-CMIPF/2025/095/00/OR_ABI-L2-CMIPF-M6C07_G18_s20250950040208_e20250950049530_c20250950049589.nc
2025,96,noaa-goes18/ABI-L2-CMIPF/2025/096/00/OR_ABI-L2-CMIPF-M6C07_G18_s20250960040210_e20250960049530_c20250960049599.nc
2025,97,noaa-goes18/ABI-L2-CMIPF/2025/097/00/OR_ABI-L2-CMIPF-M6C07_G18_s20250970040211_e20250970049533_c20250970050004.nc
2025,98,noaa-goes18/ABI-L2-CMIPF/2025/098/00/OR_ABI-L2-CMIPF-M6C07_G18_s20250980040213_e20250980049533_c20250980049593.nc
2025,99,noaa-goes18/ABI-L2-CMIPF/2025/099/00/OR_ABI-L2-CMIPF-M6C07_G18_s20250990040214_e20250990049534_c20250990050010.nc
2025,100,noaa-goes18/ABI-L2-CMIPF/2025/100/00/OR_ABI-L2-CMIPF-M6C07_G18_s20251000040216_e20251000049536_c20251000049597.nc
2025,101,noaa-goes18/ABI-L2-CMIPF/2025/101/00/OR_ABI-L2-CMIPF-M6C07_G18_s20251010040217_e20251010049537_c20251010050005.nc
2025,102,noaa-goes18/ABI-L2-CMIPF/2025/102/00/OR_ABI-L2-CMIPF-M6C07_G18_s20251020040219_e20251020049538_c20251020049581.nc
2025,103,noaa-goes18/ABI-L2-CMIPF/2025/103/00/OR_ABI-L2-CMIPF-M6C07_G18_s20251030040220_e20251030049540_c20251030049598.nc
2025,104,noaa-goes18/ABI-L2-CMIPF/2025/104/00/OR_ABI-L2-CMIPF-M6C07_G18_s20251040040222_e20251040049542_c20251040049593.nc
2025,105,noaa-goes18/ABI-L2-CMIPF/2025/105/20/OR_ABI-L2-CMIPF-M6C07_G18_s20251052040199_e20251052049519_c20251052049577.nc
2025,106,noaa-goes18/ABI-L2-CMIPF/2025/106/00/OR_ABI-L2-CMIPF-M6C07_G18_s20251060040197_e20251060049517_c20251060049587.nc
2025,107,noaa-goes18/ABI-L2-CMIPF/2025/107/00/OR_ABI-L2-CMIPF-M6C07_G18_s20251070040199_e20251070049519_c20251070049576.nc
2025,108,noaa-goes18/ABI-L2-CMIPF/2025/108/00/OR_ABI-L2-CMIPF-M6C07_G18_s20251080040200_e20251080049520_c20251080049582.nc
2025,109,noaa-goes18/ABI-L2-CMIPF/2025/109/00/OR_ABI-L2-CMIPF-M6C07_G18_s20251090040202_e20251090049521_c20251090049591.nc
2025,110,noaa-goes18/ABI-L2-CMIPF/2025/110/00/OR_ABI-L2-CMIPF-M6C07_G18_s20251100040203_e20251100049523_c20251100049583.nc
2025,111,noaa-goes18/ABI-L2-CMIPF/2025/111/00/OR_ABI-L2-CMIPF-M6C07_G18_s20251110040205_e20251110049524_c20251110049590.nc
2025,112,noaa-goes18/ABI-L2-CMIPF/2025/112/00/OR_ABI-L2-CMIPF-M6C07_G18_s20251120040206_e20251120049526_c20251120049588.nc
2025,113,noaa-goes18/ABI-L2-CMIPF/2025/113/00/OR_ABI-L2-CMIPF-M6C07_G18_s20251130040208_e20251130049527_c20251130049589.nc
2025,114,noaa-goes18/ABI-L2-CMIPF/2025/114/00/OR_ABI-L2-CMIPF-M6C07_G18_s20251140040209_e20251140049529_c20251140049590.nc
2025,115,noaa-goes18/ABI-L2-CMIPF/2025/115/00/OR_ABI-L2-CMIPF-M6C07_G18_s20251150040211_e20251150049531_c20251150050004.nc
2025,116,noaa-goes18/ABI-L2-CMIPF/2025/116/00/OR_ABI-L2-CMIPF-M6C07_G18_s20251160040212_e20251160049532_c20251160050007.nc
2025,117,noaa-goes18/ABI-L2-CMIPF/2025/117/00/OR_ABI-L2-CMIPF-M6C07_G18_s20251170040214_e20251170049534_c20251170050004.nc
2025,118,noaa-goes18/ABI-L2-CMIPF/2025/118/00/OR_ABI-L2-CMIPF-M6C07_G18_s20251180040216_e20251180049536_c20251180050000.nc
2025,119,noaa-goes18/ABI-L2-CMIPF/2025/119/00/OR_ABI-L2-CMIPF-M6C07_G18_s20251190040203_e20251190049522_c20251190049582.nc
2025,120,noaa-goes18/ABI-L2-CMIPF/2025/120/00/OR_ABI-L2-CMIPF-M6C07_G18_s20251200040204_e20251200049524_c20251200049563.nc
2025,121,noaa-goes18/ABI-L2-CMIPF/2025/121/00/OR_ABI-L2-CMIPF-M6C07_G18_s20251210040206_e20251210049526_c20251210049562.nc
2025,122,noaa-goes18/ABI-L2-CMIPF/2025/122/00/OR_ABI-L2-CMIPF-M6C07_G18_s20251220040208_e20251220049528_c20251220049567.nc
2025,123,noaa-goes18/ABI-L2-CMIPF/2025/123/00/OR_ABI-L2-CMIPF-M6C07_G18_s20251230040209_e20251230049529_c20251230049565.nc
2025,124,noaa-goes18/ABI-L2-CMIPF/2025/124/00/OR_ABI-L2-CMIPF-M6C07_G18_s20251240040211_e20251240049531_c20251240049577.nc
2025,125,noaa-goes18/ABI-L2-CMIPF/2025/125/00/OR_ABI-L2-CMIPF-M6C07_G18_s20251250040213_e20251250049533_c20251250049580.nc
2025,126,noaa-goes18/ABI-L2-CMIPF/2025/126/00/OR_ABI-L2-CMIPF-M6C07_G18_s20251260040203_e20251260049523_c20251260049569.nc
2025,127,noaa-goes18/ABI-L2-CMIPF/2025/127/00/OR_ABI-L2-CMIPF-M6C07_G18_s20251270040204_e20251270049524_c20251270049575.nc
2025,128,noaa-goes18/ABI-L2-CMIPF/2025/128/00/OR_ABI-L2-CMIPF-M6C07_G18_s20251280040206_e20251280049526_c20251280049576.nc
2025,129,noaa-goes18/ABI-L2-CMIPF/2025/129/00/OR_ABI-L2-CMIPF-M6C07_G18_s20251290040208_e20251290049528_c20251290049570.nc
2025,130,noaa-goes18/ABI-L2-CMIPF/2025/130/00/OR_ABI-L2-CMIPF-M6C07_G18_s20251300040209_e20251300049530_c20251300049575.nc
2025,131,noaa-goes18/ABI-L2-CMIPF/2025/131/00/OR_ABI-L2-CMIPF-M6C07_G18_s20251310040211_e20251310049532_c20251310049580.nc
2025,132,noaa-goes18/ABI-L2-CMIPF/2025/132/00/OR_ABI-L2-CMIPF-M6C07_G18_s20251320040213_e20251320049533_c20251320049582.nc
2025,133,noaa-goes18/ABI-L2-CMIPF/2025/133/00/OR_ABI-L2-CMIPF-M6C07_G18_s20251330040203_e20251330049522_c20251330049576.nc
2025,134,noaa-goes18/ABI-L2-CMIPF/2025/134/00/OR_ABI-L2-CMIPF-M6C07_G18_s20251340040204_e20251340049525_c20251340049577.nc
2025,135,noaa-goes18/ABI-L2-CMIPF/2025/135/00/OR_ABI-L2-CMIPF-M6C07_G18_s20251350040206_e20251350049526_c20251350049576.nc
2025,136,noaa-goes18/ABI-L2-CMIPF/2025/136/00/OR_ABI-L2-CMIPF-M6C07_G18_s20251360040208_e20251360049528_c20251360049575.nc
2025,137,noaa-goes18/ABI-L2-CMIPF/2025/137/00/OR_ABI-L2-CMIPF-M6C07_G18_s20251370040210_e20251370049530_c20251370049578.nc
2025,138,noaa-goes18/ABI-L2-CMIPF/2025/138/00/OR_ABI-L2-CMIPF-M6C07_G18_s20251380040212_e20251380049532_c20251380049581.nc
2025,139,noaa-goes18/ABI-L2-CMIPF/2025/139/00/OR_ABI-L2-CMIPF-M6C07_G18_s20251390040214_e20251390049533_c20251390049588.nc
2025,140,noaa-goes18/ABI-L2-CMIPF/2025/140/00/OR_ABI-L2-CMIPF-M6C07_G18_s20251400040216_e20251400049535_c20251400049589.nc
2025,141,noaa-goes18/ABI-L2-CMIPF/2025/141/00/OR_ABI-L2-CMIPF-M6C07_G18_s20251410040218_e20251410049538_c20251410049581.nc
2025,142,noaa-goes18/ABI-L2-CMIPF/2025/142/00/OR_ABI-L2-CMIPF-M6C07_G18_s20251420040220_e20251420049539_c20251420049588.nc
2025,143,noaa-goes18/ABI-L2-CMIPF/2025/143/00/OR_ABI-L2-CMIPF-M6C07_G18_s20251430040222_e20251430049542_c20251430049590.nc
2025,144,noaa-goes18/ABI-L2-CMIPF/2025/144/00/OR_ABI-L2-CMIPF-M6C07_G18_s20251440040224_e20251440049544_c20251440050003.nc
2025,145,noaa-goes18/ABI-L2-CMIPF/2025/145/00/OR_ABI-L2-CMIPF-M6C07_G18_s20251450040226_e20251450049546_c20251450049598.nc
2025,146,noaa-goes18/ABI-L2-CMIPF/2025/146/00/OR_ABI-L2-CMIPF-M6C07_G18_s20251460040228_e20251460049548_c20251460049599.nc
2025,147,noaa-goes18/ABI-L2-CMIPF/2025/147/00/OR_ABI-L2-CMIPF-M6C07_G18_s20251470040203_e20251470049523_c20251470049570.nc
2025,148,noaa-goes18/ABI-L2-CMIPF/2025/148/00/OR_ABI-L2-CMIPF-M6C07_G18_s20251480040205_e20251480049525_c20251480049571.nc
2025,149,noaa-goes18/ABI-L2-CMIPF/2025/149/00/OR_ABI-L2-CMIPF-M6C07_G18_s20251490040207_e20251490049527_c20251490049575.nc
2025,150,noaa-goes18/ABI-L2-CMIPF/2025/150/00/OR_ABI-L2-CMIPF-M6C07_G18_s20251500040210_e20251500049530_c20251500049578.nc
2025,151,noaa-goes18/ABI-L2-CMIPF/2025/151/00/OR_ABI-L2-CMIPF-M6C07_G18_s20251510040212_e20251510049532_c20251510049580.nc
2025,152,noaa-goes18/ABI-L2-CMIPF/2025/152/00/OR_ABI-L2-CMIPF-M6C07_G18_s20251520040215_e20251520049535_c20251520049584.nc
2025,153,noaa-goes18/ABI-L2-CMIPF/2025/153/00/OR_ABI-L2-CMIPF-M6C07_G18_s20251530040217_e20251530049537_c20251530049589.nc
2025,154,noaa-goes18/ABI-L2-CMIPF/2025/154/00/OR_ABI-L2-CMIPF-M6C07_G18_s20251540040219_e20251540049539_c20251540049589.nc
2025,155,noaa-goes18/ABI-L2-CMIPF/2025/155/00/OR_ABI-L2-CMIPF-M6C07_G18_s20251550040222_e20251550049541_c20251550049589.nc
2025,156,noaa-goes18/ABI-L2-CMIPF/2025/156/00/OR_ABI-L2-CMIPF-M6C07_G18_s20251560040224_e20251560049544_c20251560049590.nc
2025,157,noaa-goes18/ABI-L2-CMIPF/2025/157/00/OR_ABI-L2-CMIPF-M6C07_G18_s20251570040227_e20251570049547_c20251570049593.nc
2025,158,noaa-goes18/ABI-L2-CMIPF/2025/158/00/OR_ABI-L2-CMIPF-M6C07_G18_s20251580040229_e20251580049550_c20251580049595.nc
2025,159,noaa-goes18/ABI-L2-CMIPF/2025/159/00/OR_ABI-L2-CMIPF-M6C07_G18_s20251590040232_e20251590049552_c20251590050005.nc
2025,160,noaa-goes18/ABI-L2-CMIPF/2025/160/00/OR_ABI-L2-CMIPF-M6C07_G18_s20251600040235_e20251600049554_c20251600049599.nc
2025,161,noaa-goes18/ABI-L2-CMIPF/2025/161/00/OR_ABI-L2-CMIPF-M6C07_G18_s20251610040203_e20251610049523_c20251610049571.nc
2025,162,noaa-goes18/ABI-L2-CMIPF/2025/162/00/OR_ABI-L2-CMIPF-M6C07_G18_s20251620040206_e20251620049526_c20251620049580.nc
2025,163,noaa-goes18/ABI-L2-CMIPF/2025/163/00/OR_ABI-L2-CMIPF-M6C07_G18_s20251630040208_e20251630049529_c20251630049588.nc
2025,164,noaa-goes18/ABI-L2-CMIPF/2025/164/00/OR_ABI-L2-CMIPF-M6C07_G18_s20251640040211_e20251640049531_c20251640049581.nc
2025,165,noaa-goes18/ABI-L2-CMIPF/2025/165/00/OR_ABI-L2-CMIPF-M6C07_G18_s20251650040214_e20251650049534_c20251650049574.nc
2025,166,noaa-goes18/ABI-L2-CMIPF/2025/166/00/OR_ABI-L2-CMIPF-M6C07_G18_s20251660040217_e20251660049536_c20251660049578.nc
2025,167,noaa-goes18/ABI-L2-CMIPF/2025/167/00/OR_ABI-L2-CMIPF-M6C07_G18_s20251670040219_e20251670049539_c20251670049584.nc
2025,168,noaa-goes18/ABI-L2-CMIPF/2025/168/00/OR_ABI-L2-CMIPF-M6C07_G18_s20251680040222_e20251680049542_c20251680049579.nc
2025,169,noaa-goes18/ABI-L2-CMIPF/2025/169/00/OR_ABI-L2-CMIPF-M6C07_G18_s20251690040225_e20251690049545_c20251690049589.nc
2025,170,noaa-goes18/ABI-L2-CMIPF/2025/170/00/OR_ABI-L2-CMIPF-M6C07_G18_s20251700040228_e20251700049547_c20251700049594.nc
2025,171,noaa-goes18/ABI-L2-CMIPF/2025/171/00/OR_ABI-L2-CMIPF-M6C07_G18_s20251710040230_e20251710049550_c20251710049590.nc
2025,172,noaa-goes18/ABI-L2-CMIPF/2025/172/00/OR_ABI-L2-CMIPF-M6C07_G18_s20251720040233_e20251720049553_c20251720049589.nc
2025,173,noaa-goes18/ABI-L2-CMIPF/2025/173/00/OR_ABI-L2-CMIPF-M6C07_G18_s20251730040236_e20251730049556_c20251730049585.nc
2025,174,noaa-goes18/ABI-L2-CMIPF/2025/174/00/OR_ABI-L2-CMIPF-M6C07_G18_s20251740040239_e20251740049558_c20251740049597.nc
2025,175,noaa-goes18/ABI-L2-CMIPF/2025/175/00/OR_ABI-L2-CMIPF-M6C07_G18_s20251750040203_e20251750049522_c20251750049568.nc
2025,176,noaa-goes18/ABI-L2-CMIPF/2025/176/00/OR_ABI-L2-CMIPF-M6C07_G18_s20251760040206_e20251760049526_c20251760049577.nc
2025,177,noaa-goes18/ABI-L2-CMIPF/2025/177/00/OR_ABI-L2-CMIPF-M6C07_G18_s20251770040209_e20251770049528_c20251770049577.nc
2025,178,noaa-goes18/ABI-L2-CMIPF/2025/178/00/OR_ABI-L2-CMIPF-M6C07_G18_s20251780040211_e20251780049532_c20251780049584.nc
2025,179,noaa-goes18/ABI-L2-CMIPF/2025/179/00/OR_ABI-L2-CMIPF-M6C07_G18_s20251790040214_e20251790049534_c20251790049589.nc
2025,180,noaa-goes18/ABI-L2-CMIPF/2025/180/00/OR_ABI-L2-CMIPF-M6C07_G18_s20251800040217_e20251800049537_c20251800049591.nc
2025,181,noaa-goes18/ABI-L2-CMIPF/2025/181/00/OR_ABI-L2-CMIPF-M6C07_G18_s20251810040220_e20251810049540_c20251810049586.nc
2025,182,noaa-goes18/ABI-L2-CMIPF/2025/182/00/OR_ABI-L2-CMIPF-M6C07_G18_s20251820040222_e20251820049542_c20251820049599.nc
2025,183,noaa-goes18/ABI-L2-CMIPF/2025/183/00/OR_ABI-L2-CMIPF-M6C07_G18_s20251830040225_e20251830049545_c20251830049593.nc
2025,184,noaa-goes18/ABI-L2-CMIPF/2025/184/00/OR_ABI-L2-CMIPF-M6C07_G18_s20251840040228_e20251840049547_c20251840049597.nc
2025,185,noaa-goes18/ABI-L2-CMIPF/2025/185/00/OR_ABI-L2-CMIPF-M6C07_G18_s20251850040230_e20251850049550_c20251850050004.nc
2025,186,noaa-goes18/ABI-L2-CMIPF/2025/186/00/OR_ABI-L2-CMIPF-M6C07_G18_s20251860040233_e20251860049553_c20251860050016.nc
2025,187,noaa-goes18/ABI-L2-CMIPF/2025/187/00/OR_ABI-L2-CMIPF-M6C07_G18_s20251870040236_e20251870049556_c20251870050008.nc
2025,188,noaa-goes18/ABI-L2-CMIPF/2025/188/00/OR_ABI-L2-CMIPF-M6C07_G18_s20251880040238_e20251880049558_c20251880050010.nc
2025,189,noaa-goes18/ABI-L2-CMIPF/2025/189/00/OR_ABI-L2-CMIPF-M6C07_G18_s20251890040203_e20251890049523_c20251890049570.nc
2025,190,noaa-goes18/ABI-L2-CMIPF/2025/190/00/OR_ABI-L2-CMIPF-M6C07_G18_s20251900040206_e20251900049525_c20251900049580.nc
2025,191,noaa-goes18/ABI-L2-CMIPF/2025/191/00/OR_ABI-L2-CMIPF-M6C07_G18_s20251910040208_e20251910049528_c20251910049584.nc
2025,192,noaa-goes18/ABI-L2-CMIPF/2025/192/00/OR_ABI-L2-CMIPF-M6C07_G18_s20251920040210_e20251920049530_c20251920049586.nc
2025,193,noaa-goes18/ABI-L2-CMIPF/2025/193/00/OR_ABI-L2-CMIPF-M6C07_G18_s20251930040213_e20251930049533_c20251930049577.nc
2025,194,noaa-goes18/ABI-L2-CMIPF/2025/194/00/OR_ABI-L2-CMIPF-M6C07_G18_s20251940040215_e20251940049536_c20251940049589.nc
2025,195,noaa-goes18/ABI-L2-CMIPF/2025/195/00/OR_ABI-L2-CMIPF-M6C07_G18_s20251950040217_e20251950049537_c20251950049587.nc
2025,196,noaa-goes18/ABI-L2-CMIPF/2025/196/00/OR_ABI-L2-CMIPF-M6C07_G18_s20251960040220_e20251960049539_c20251960049591.nc
2025,197,noaa-goes18/ABI-L2-CMIPF/2025/197/00/OR_ABI-L2-CMIPF-M6C07_G18_s20251970040222_e20251970049542_c20251970049595.nc
2025,198,noaa-goes18/ABI-L2-CMIPF/2025/198/00/OR_ABI-L2-CMIPF-M6C07_G18_s20251980040224_e20251980049544_c20251980049589.nc
2025,199,noaa-goes18/ABI-L2-CMIPF/2025/199/00/OR_ABI-L2-CMIPF-M6C07_G18_s20251990040226_e20251990049546_c20251990049591.nc
2025,200,noaa-goes18/ABI-L2-CMIPF/2025/200/00/OR_ABI-L2-CMIPF-M6C07_G18_s20252000040228_e20252000049548_c20252000050003.nc
2025,201,noaa-goes18/ABI-L2-CMIPF/2025/201/00/OR_ABI-L2-CMIPF-M6C07_G18_s20252010040230_e20252010049550_c20252010050009.nc
2025,202,noaa-goes18/ABI-L2-CMIPF/2025/202/00/OR_ABI-L2-CMIPF-M6C07_G18_s20252020040232_e20252020049552_c20252020050000.nc
2025,203,noaa-goes18/ABI-L2-CMIPF/2025/203/00/OR_ABI-L2-CMIPF-M6C07_G18_s20252030040203_e20252030049523_c20252030049568.nc
2025,204,noaa-goes18/ABI-L2-CMIPF/2025/204/00/OR_ABI-L2-CMIPF-M6C07_G18_s20252040040205_e20252040049524_c20252040049580.nc
2025,205,noaa-goes18/ABI-L2-CMIPF/2025/205/00/OR_ABI-L2-CMIPF-M6C07_G18_s20252050040207_e20252050049526_c20252050049581.nc
2025,206,noaa-goes18/ABI-L2-CMIPF/2025/206/00/OR_ABI-L2-CMIPF-M6C07_G18_s20252060040209_e20252060049529_c20252060049579.nc
2025,207,noaa-goes18/ABI-L2-CMIPF/2025/207/00/OR_ABI-L2-CMIPF-M6C07_G18_s20252070040210_e20252070049530_c20252070049585.nc
2025,208,noaa-goes18/ABI-L2-CMIPF/2025/208/00/OR_ABI-L2-CMIPF-M6C07_G18_s20252080040212_e20252080049533_c20252080049584.nc
2025,209,noaa-goes18/ABI-L2-CMIPF/2025/209/00/OR_ABI-L2-CMIPF-M6C07_G18_s20252090040214_e20252090049535_c20252090049589.nc
2025,210,noaa-goes18/ABI-L2-CMIPF/2025/210/00/OR_ABI-L2-CMIPF-M6C07_G18_s20252100040216_e20252100049536_c20252100049585.nc
2025,211,noaa-goes18/ABI-L2-CMIPF/2025/211/00/OR_ABI-L2-CMIPF-M6C07_G18_s20252110040218_e20252110049538_c20252110049584.nc
2025,212,noaa-goes18/ABI-L2-CMIPF/2025/212/00/OR_ABI-L2-CMIPF-M6C07_G18_s20252120040219_e20252120049539_c20252120049590.nc
2025,213,noaa-goes18/ABI-L2-CMIPF/2025/213/00/OR_ABI-L2-CMIPF-M6C07_G18_s20252130040221_e20252130049541_c20252130049596.nc
2025,214,noaa-goes18/ABI-L2-CMIPF/2025/214/00/OR_ABI-L2-CMIPF-M6C07_G18_s20252140040223_e20252140049543_c20252140049588.nc
2025,215,noaa-goes18/ABI-L2-CMIPF/2025/215/00/OR_ABI-L2-CMIPF-M6C07_G18_s20252150040225_e20252150049546_c20252150049592.nc
2025,216,noaa-goes18/ABI-L2-CMIPF/2025/216/00/OR_ABI-L2-CMIPF-M6C07_G18_s20252160040226_e20252160049546_c20252160050000.nc
2025,217,noaa-goes18/ABI-L2-CMIPF/2025/217/00/OR_ABI-L2-CMIPF-M6C07_G18_s20252170040203_e20252170049523_c20252170049565.nc
2025,218,noaa-goes18/ABI-L2-CMIPF/2025/218/00/OR_ABI-L2-CMIPF-M6C07_G18_s20252180040204_e20252180049525_c20252180049562.nc
2025,219,noaa-goes18/ABI-L2-CMIPF/2025/219/00/OR_ABI-L2-CMIPF-M6C07_G18_s20252190040206_e20252190049526_c20252190049570.nc
2025,220,noaa-goes18/ABI-L2-CMIPF/2025/220/00/OR_ABI-L2-CMIPF-M6C07_G18_s20252200040208_e20252200049528_c20252200049575.nc
2025,221,noaa-goes18/ABI-L2-CMIPF/2025/221/00/OR_ABI-L2-CMIPF-M6C07_G18_s20252210040209_e20252210049530_c20252210049573.nc
2025,222,noaa-goes18/ABI-L2-CMIPF/2025/222/00/OR_ABI-L2-CMIPF-M6C07_G18_s20252220040211_e20252220049531_c20252220049576.nc
2025,223,noaa-goes18/ABI-L2-CMIPF/2025/223/00/OR_ABI-L2-CMIPF-M6C07_G18_s20252230040213_e20252230049534_c20252230049571.nc
2025,224,noaa-goes18/ABI-L2-CMIPF/2025/224/00/OR_ABI-L2-CMIPF-M6C07_G18_s20252240040215_e20252240049534_c20252240049578.nc
2025,225,noaa-goes18/ABI-L2-CMIPF/2025/225/00/OR_ABI-L2-CMIPF-M6C07_G18_s20252250040216_e20252250049536_c20252250049585.nc
2025,226,noaa-goes18/ABI-L2-CMIPF/2025/226/00/OR_ABI-L2-CMIPF-M6C07_G18_s20252260040218_e20252260049538_c20252260049583.nc
2025,227,noaa-goes18/ABI-L2-CMIPF/2025/227/00/OR_ABI-L2-CMIPF-M6C07_G18_s20252270040220_e20252270049540_c20252270049585.nc
2025,228,noaa-goes18/ABI-L2-CMIPF/2025/228/00/OR_ABI-L2-CMIPF-M6C07_G18_s20252280040221_e20252280049542_c20252280049588.nc
2025,229,noaa-goes18/ABI-L2-CMIPF/2025/229/00/OR_ABI-L2-CMIPF-M6C07_G18_s20252290040223_e20252290049543_c20252290049594.nc
2025,230,noaa-goes18/ABI-L2-CMIPF/2025/230/00/OR_ABI-L2-CMIPF-M6C07_G18_s20252300040224_e20252300049545_c20252300049586.nc
2025,231,noaa-goes18/ABI-L2-CMIPF/2025/231/00/OR_ABI-L2-CMIPF-M6C07_G18_s20252310040203_e20252310049523_c20252310049568.nc
2025,232,noaa-goes18/ABI-L2-CMIPF/2025/232/00/OR_ABI-L2-CMIPF-M6C07_G18_s20252320040204_e20252320049525_c20252320049569.nc
2025,233,noaa-goes18/ABI-L2-CMIPF/2025/233/00/OR_ABI-L2-CMIPF-M6C07_G18_s20252330040206_e20252330049526_c20252330049579.nc
2025,234,noaa-goes18/ABI-L2-CMIPF/2025/234/00/OR_ABI-L2-CMIPF-M6C07_G18_s20252340040207_e20252340049527_c20252340049577.nc
2025,235,noaa-goes18/ABI-L2-CMIPF/2025/235/00/OR_ABI-L2-CMIPF-M6C07_G18_s20252350040209_e20252350049529_c20252350049575.nc
2025,236,noaa-goes18/ABI-L2-CMIPF/2025/236/00/OR_ABI-L2-CMIPF-M6C07_G18_s20252360040210_e20252360049531_c20252360049576.nc
2025,237,noaa-goes18/ABI-L2-CMIPF/2025/237/00/OR_ABI-L2-CMIPF-M6C07_G18_s20252370040212_e20252370049532_c20252370049580.nc
2025,238,noaa-goes18/ABI-L2-CMIPF/2025/238/00/OR_ABI-L2-CMIPF-M6C07_G18_s20252380040213_e20252380049533_c20252380049576.nc
2025,239,noaa-goes18/ABI-L2-CMIPF/2025/239/00/OR_ABI-L2-CMIPF-M6C07_G18_s20252390040215_e20252390049535_c20252390049586.nc
2025,240,noaa-goes18/ABI-L2-CMIPF/2025/240/00/OR_ABI-L2-CMIPF-M6C07_G18_s20252400040216_e20252400049537_c20252400049595.nc
2025,241,noaa-goes18/ABI-L2-CMIPF/2025/241/00/OR_ABI-L2-CMIPF-M6C07_G18_s20252410040217_e20252410049538_c20252410049596.nc
2025,242,noaa-goes18/ABI-L2-CMIPF/2025/242/00/OR_ABI-L2-CMIPF-M6C07_G18_s20252420040219_e20252420049540_c20252420049587.nc
2025,243,noaa-goes18/ABI-L2-CMIPF/2025/243/00/OR_ABI-L2-CMIPF-M6C07_G18_s20252430040220_e20252430049541_c20252430049596.nc
2025,244,noaa-goes18/ABI-L2-CMIPF/2025/244/00/OR_ABI-L2-CMIPF-M6C07_G18_s20252440040222_e20252440049542_c20252440049599.nc
2025,245,noaa-goes18/ABI-L2-CMIPF/2025/245/00/OR_ABI-L2-CMIPF-M6C07_G18_s20252450040203_e20252450049523_c20252450049574.nc
2025,246,noaa-goes18/ABI-L2-CMIPF/2025/246/00/OR_ABI-L2-CMIPF-M6C07_G18_s20252460040204_e20252460049526_c20252460049561.nc
2025,247,noaa-goes18/ABI-L2-CMIPF/2025/247/00/OR_ABI-L2-CMIPF-M6C07_G18_s20252470040206_e20252470049526_c20252470049571.nc
2025,248,noaa-goes18/ABI-L2-CMIPF/2025/248/00/OR_ABI-L2-CMIPF-M6C07_G18_s20252480040207_e20252480049527_c20252480049557.nc
2025,249,noaa-goes18/ABI-L2-CMIPF/2025/249/00/OR_ABI-L2-CMIPF-M6C07_G18_s20252490040209_e20252490049529_c20252490049571.nc
2025,250,noaa-goes18/ABI-L2-CMIPF/2025/250/00/OR_ABI-L2-CMIPF-M6C07_G18_s20252500040210_e20252500049530_c20252500049568.nc
2025,251,noaa-goes18/ABI-L2-CMIPF/2025/251/00/OR_ABI-L2-CMIPF-M6C07_G18_s20252510040212_e20252510049532_c20252510049575.nc
2025,252,noaa-goes18/ABI-L2-CMIPF/2025/252/00/OR_ABI-L2-CMIPF-M6C07_G18_s20252520040213_e20252520049535_c20252520049572.nc
2025,253,noaa-goes18/ABI-L2-CMIPF/2025/253/00/OR_ABI-L2-CMIPF-M6C07_G18_s20252530040215_e20252530049535_c20252530049567.nc
2025,254,noaa-goes18/ABI-L2-CMIPF/2025/254/00/OR_ABI-L2-CMIPF-M6C07_G18_s20252540040216_e20252540049536_c20252540049577.nc
2025,255,noaa-goes18/ABI-L2-CMIPF/2025/255/00/OR_ABI-L2-CMIPF-M6C07_G18_s20252550040217_e20252550049540_c20252550049579.nc
2025,256,noaa-goes18/ABI-L2-CMIPF/2025/256/00/OR_ABI-L2-CMIPF-M6C07_G18_s20252560040219_e20252560049539_c20252560049572.nc
2025,257,noaa-goes18/ABI-L2-CMIPF/2025/257/00/OR_ABI-L2-CMIPF-M6C07_G18_s20252570040220_e20252570049540_c20252570049579.nc
2025,258,noaa-goes18/ABI-L2-CMIPF/2025/258/00/OR_ABI-L2-CMIPF-M6C07_G18_s20252580040221_e20252580049542_c20252580049578.nc
2025,259,noaa-goes18/ABI-L2-CMIPF/2025/259/00/OR_ABI-L2-CMIPF-M6C07_G18_s20252590040203_e20252590049523_c20252590049567.nc
2025,260,noaa-goes18/ABI-L2-CMIPF/2025/260/00/OR_ABI-L2-CMIPF-M6C07_G18_s20252600040204_e20252600049525_c20252600049570.nc
2025,261,noaa-goes18/ABI-L2-CMIPF/2025/261/00/OR_ABI-L2-CMIPF-M6C07_G18_s20252610040205_e20252610049526_c20252610049569.nc
2025,262,noaa-goes18/ABI-L2-CMIPF/2025/262/00/OR_ABI-L2-CMIPF-M6C07_G18_s20252620040207_e20252620049527_c20252620049565.nc
2025,263,noaa-goes18/ABI-L2-CMIPF/2025/263/00/OR_ABI-L2-CMIPF-M6C07_G18_s20252630040208_e20252630049528_c20252630049572.nc
2025,264,noaa-goes18/ABI-L2-CMIPF/2025/264/00/OR_ABI-L2-CMIPF-M6C07_G18_s20252640040210_e20252640049530_c20252640049567.nc
2025,265,noaa-goes18/ABI-L2-CMIPF/2025/265/00/OR_ABI-L2-CMIPF-M6C07_G18_s20252650040212_e20252650049532_c20252650049571.nc
2025,266,noaa-goes18/ABI-L2-CMIPF/2025/266/00/OR_ABI-L2-CMIPF-M6C07_G18_s20252660040213_e20252660049535_c20252660049575.nc
2025,267,noaa-goes18/ABI-L2-CMIPF/2025/267/00/OR_ABI-L2-CMIPF-M6C07_G18_s20252670040215_e20252670049535_c20252670049581.nc
2025,268,noaa-goes18/ABI-L2-CMIPF/2025/268/00/OR_ABI-L2-CMIPF-M6C07_G18_s20252680040216_e20252680049537_c20252680049571.nc
2025,269,noaa-goes18/ABI-L2-CMIPF/2025/269/00/OR_ABI-L2-CMIPF-M6C07_G18_s20252690040218_e20252690049538_c20252690049581.nc
2025,270,noaa-goes18/ABI-L2-CMIPF/2025/270/00/OR_ABI-L2-CMIPF-M6C07_G18_s20252700040220_e20252700049540_c20252700049581.nc
2025,271,noaa-goes18/ABI-L2-CMIPF/2025/271/00/OR_ABI-L2-CMIPF-M6C07_G18_s20252710040221_e20252710049542_c20252710049581.nc
2025,272,noaa-goes18/ABI-L2-CMIPF/2025/272/00/OR_ABI-L2-CMIPF-M6C07_G18_s20252720040223_e20252720049543_c20252720049591.nc
2025,273,noaa-goes18/ABI-L2-CMIPF/2025/273/00/OR_ABI-L2-CMIPF-M6C07_G18_s20252730040203_e20252730049523_c20252730049566.nc
2025,274,noaa-goes18/ABI-L2-CMIPF/2025/274/00/OR_ABI-L2-CMIPF-M6C07_G18_s20252740040204_e20252740049524_c20252740049571.nc
2025,275,noaa-goes18/ABI-L2-CMIPF/2025/275/00/OR_ABI-L2-CMIPF-M6C07_G18_s20252750040206_e20252750049527_c20252750049574.nc
2025,276,noaa-goes18/ABI-L2-CMIPF/2025/276/00/OR_ABI-L2-CMIPF-M6C07_G18_s20252760040208_e20252760049528_c20252760049572.nc
2025,277,noaa-goes18/ABI-L2-CMIPF/2025/277/00/OR_ABI-L2-CMIPF-M6C07_G18_s20252770040209_e20252770049529_c20252770049577.nc
2025,278,noaa-goes18/ABI-L2-CMIPF/2025/278/00/OR_ABI-L2-CMIPF-M6C07_G18_s20252780040211_e20252780049531_c20252780049579.nc
2025,279,noaa-goes18/ABI-L2-CMIPF/2025/279/00/OR_ABI-L2-CMIPF-M6C07_G18_s20252790040213_e20252790049533_c20252790049578.nc
2025,280,noaa-goes18/ABI-L2-CMIPF/2025/280/00/OR_ABI-L2-CMIPF-M6C07_G18_s20252800040214_e20252800049534_c20252800049575.nc
2025,281,noaa-goes18/ABI-L2-CMIPF/2025/281/00/OR_ABI-L2-CMIPF-M6C07_G18_s20252810040216_e20252810049536_c20252810049581.nc
2025,282,noaa-goes18/ABI-L2-CMIPF/2025/282/00/OR_ABI-L2-CMIPF-M6C07_G18_s20252820040218_e20252820049538_c20252820049574.nc
2025,283,noaa-goes18/ABI-L2-CMIPF/2025/283/00/OR_ABI-L2-CMIPF-M6C07_G18_s20252830040219_e20252830049540_c20252830049582.nc
2025,284,noaa-goes18/ABI-L2-CMIPF/2025/284/00/OR_ABI-L2-CMIPF-M6C07_G18_s20252840040221_e20252840049541_c20252840049590.nc
2025,285,noaa-goes18/ABI-L2-CMIPF/2025/285/00/OR_ABI-L2-CMIPF-M6C07_G18_s20252850040223_e20252850049543_c20252850049584.nc
2025,286,noaa-goes18/ABI-L2-CMIPF/2025/286/00/OR_ABI-L2-CMIPF-M6C07_G18_s20252860040224_e20252860049545_c20252860049592.nc
2025,287,noaa-goes18/ABI-L2-CMIPF/2025/287/00/OR_ABI-L2-CMIPF-M6C07_G18_s20252870040203_e20252870049523_c20252870049571.nc
2025,288,noaa-goes18/ABI-L2-CMIPF/2025/288/00/OR_ABI-L2-CMIPF-M6C07_G18_s20252880040204_e20252880049524_c20252880049569.nc
2025,289,noaa-goes18/ABI-L2-CMIPF/2025/289/00/OR_ABI-L2-CMIPF-M6C07_G18_s20252890040206_e20252890049526_c20252890049575.nc
2025,290,noaa-goes18/ABI-L2-CMIPF/2025/290/00/OR_ABI-L2-CMIPF-M6C07_G18_s20252900040208_e20252900049528_c20252900049579.nc
2025,291,noaa-goes18/ABI-L2-CMIPF/2025/291/00/OR_ABI-L2-CMIPF-M6C07_G18_s20252910040209_e20252910049529_c20252910049573.nc
2025,292,noaa-goes18/ABI-L2-CMIPF/2025/292/00/OR_ABI-L2-CMIPF-M6C07_G18_s20252920040211_e20252920049531_c20252920049578.nc
2025,293,noaa-goes18/ABI-L2-CMIPF/2025/293/00/OR_ABI-L2-CMIPF-M6C07_G18_s20252930040213_e20252930049533_c20252930049571.nc
2025,294,noaa-goes18/ABI-L2-CMIPF/2025/294/00/OR_ABI-L2-CMIPF-M6C07_G18_s20252940040214_e20252940049534_c20252940049590.nc
2025,295,noaa-goes18/ABI-L2-CMIPF/2025/295/00/OR_ABI-L2-CMIPF-M6C07_G18_s20252950040216_e20252950049536_c20252950049584.nc
2025,296,noaa-goes18/ABI-L2-CMIPF/2025/296/00/OR_ABI-L2-CMIPF-M6C07_G18_s20252960040217_e20252960049538_c20252960049586.nc
2025,297,noaa-goes18/ABI-L2-CMIPF/2025/297/00/OR_ABI-L2-CMIPF-M6C07_G18_s20252970040219_e20252970049539_c20252970049594.nc
2025,298,noaa-goes18/ABI-L2-CMIPF/2025/298/00/OR_ABI-L2-CMIPF-M6C07_G18_s20252980040221_e20252980049541_c20252980049596.nc
2025,299,noaa-goes18/ABI-L2-CMIPF/2025/299/00/OR_ABI-L2-CMIPF-M6C07_G18_s20252990040222_e20252990049542_c20252990049591.nc
2025,300,noaa-goes18/ABI-L2-CMIPF/2025/300/00/OR_ABI-L2-CMIPF-M6C07_G18_s20253000040224_e20253000049544_c20253000049593.nc
2025,301,noaa-goes18/ABI-L2-CMIPF/2025/301/00/OR_ABI-L2-CMIPF-M6C07_G18_s20253010040203_e20253010049523_c20253010049560.nc
2025,302,noaa-goes18/ABI-L2-CMIPF/2025/302/00/OR_ABI-L2-CMIPF-M6C07_G18_s20253020040204_e20253020049525_c20253020049568.nc
2025,303,noaa-goes18/ABI-L2-CMIPF/2025/303/00/OR_ABI-L2-CMIPF-M6C07_G18_s20253030040206_e20253030049527_c20253030049570.nc
2025,304,noaa-goes18/ABI-L2-CMIPF/2025/304/00/OR_ABI-L2-CMIPF-M6C07_G18_s20253040040208_e20253040049529_c20253040049566.nc
