State,Year-Month,Vegetation Index (NDVI),Land Surface Temp (Â°F),Evapotranspiration (mm/day)
Alabama,2024-01,0.5503688785281188,45.11932034820158,2.174862833770993
Alabama,2024-02,0.537975020935062,59.937933642937125,3.121310818456498
Alabama,2024-03,0.580583924899238,66.1259813187747,4.6586471083726835
Alabama,2024-04,0.7265972957729822,74.81786536441624,8.50266350133143
Alabama,2024-05,0.7857684145988698,80.04805954551436,10.552599650820643
Alabama,2024-06,0.7951509485755678,85.45814620557657,11.289336867192937
Alabama,2024-07,0.7934247222601887,84.29860764270963,10.004505893309707
Alabama,2024-08,0.7667998318001483,85.47401263631974,9.575631091828056
Alabama,2024-09,0.7632392398286876,81.01523827129377,8.473301504352854
Alabama,2024-10,0.6754459034277049,73.8858612789426,5.085288251755333
Alabama,2024-11,0.6814021102784733,58.093173784515315,2.9211672406303424
Alabama,2024-12,0.6071001956515094,50.96102174829518,2.0027182202818357
Alabama,2025-01,0.5664763146643886,45.48907408739562,1.9930812211190672
Alabama,2025-02,0.5497715588840343,54.608053286277126,3.430078022929707
Alabama,2025-03,0.5618852418363608,66.25818174013156,4.325203912992088
Alabama,2025-04,0.7356203358991479,73.66572535862913,7.56035766565668
Alabama,2025-05,0.7717669531789044,76.71277686198421,9.420321135726903
Alabama,2025-06,0.7976148373807003,81.36802820575156,10.899716481512941
Alabama,2025-07,0.8070474244249578,83.44892164171425,10.698683816734782
Alabama,2025-08,0.7963536999787751,81.11688287860923,10.062419392622212
Alabama,2025-09,0.7483962084424183,79.55991505101252,7.224972210674261
Alabama,2025-10,,74.39429069779634,5.371892171920396
Alaska,2024-01,-0.044098464977405376,-6.413615729085556,0.6151036985152766
Alaska,2024-02,-0.004307671487898748,-1.0742081888523032,0.7989553509078988
Alaska,2024-03,0.019113123101607545,7.793241861707692,1.0615865088177052
Alaska,2024-04,0.04946275497789634,27.34726533810565,2.3855597250665523
Alaska,2024-05,0.2580507112732673,45.40283777692905,4.127457748168347
Alaska,2024-06,0.5588047224268325,64.43311299723266,6.2154128914411215
Alaska,2024-07,0.6330934996129444,62.41035713660703,5.881571830035248
Alaska,2024-08,0.5653842133011175,55.08604667721691,3.970522052253089
Alaska,2024-09,0.4507782865895996,41.129725138838026,1.8935081204280984
Alaska,2024-10,0.0969370737910445,16.878885317109052,0.8732028949478212
Alaska,2024-11,0.00010781646824221514,0.45732646848866665,0.6466395202279672
Alaska,2024-12,0.005061633483865096,0.565756505723293,0.6051440988420554
Alaska,2025-01,-0.02295944843978243,-0.43021256957576526,0.6541589339836216
Alaska,2025-02,0.019402130327913127,4.848679245244295,1.004019848106173
Alaska,2025-03,0.042757402492444446,10.017578087569042,1.232932405830946
Alaska,2025-04,0.06210098550580282,23.709226693502433,2.116489201070501
Alaska,2025-05,0.24433549931399753,42.70410211569649,3.640713131126166
Alaska,2025-06,0.5360701870159865,62.95522351822327,5.773179589678671
Alaska,2025-07,0.6509445052587474,67.10144175477716,6.3927974779388
Alaska,2025-08,0.5655684634446309,54.60178689272774,3.7878771395919673
Alaska,2025-09,0.42168683335452145,38.21044558999197,1.832642254453039
Alaska,2025-10,,26.57009702391546,1.0088730581300878
Arizona,2024-01,0.23206926781225135,50.13590519289992,1.65610584410535
Arizona,2024-02,0.23424130562365533,59.37657721221649,1.76969983336133
Arizona,2024-03,0.2524352556232508,71.45078602500348,1.8388669894965548
Arizona,2024-04,0.25349031345652145,92.20031735483158,1.1312465778896077
Arizona,2024-05,0.240865998157256,103.67385480764759,0.9024917054173413
Arizona,2024-06,0.24113463090133203,112.81019354966075,0.7225000666407954
Arizona,2024-07,0.24253066327862427,112.37142186413904,0.7405395697484526
Arizona,2024-08,0.2615372335227138,104.25385668006238,1.1395753999689162
Arizona,2024-09,0.24317735565297827,100.52190818725326,0.718100957845225
Arizona,2024-10,0.23984580273517472,81.03196100554975,0.7098641568396905
Arizona,2024-11,0.231922074282764,61.374679518991556,0.8452833467972206
Arizona,2024-12,0.2296879489071108,58.14190531405302,0.6922234168912904
Arizona,2025-01,0.224791956593756,51.06458823071673,0.87608464954508
Arizona,2025-02,0.2150359468280845,65.29154771464952,0.9152194881284171
Arizona,2025-03,0.20814329698511133,72.60472645501154,1.1497223583267224
Arizona,2025-04,0.20457170833728436,91.34636280109449,0.6684555247663598
Arizona,2025-05,0.20471296490862198,99.35121122417243,0.7327274369016233
Arizona,2025-06,0.20592313879184163,110.03688033416188,0.5356264767561548
Arizona,2025-07,0.21375181795876774,108.71747718321313,0.5662476692882606
Arizona,2025-08,0.22192286185153703,103.51839706498333,0.7236818503313989
Arizona,2025-09,0.23830835439189774,90.5065885822286,1.0205098427876507
Arizona,2025-10,,74.98302960315542,1.38916885138446
Arkansas,2024-01,0.473229704359336,42.280080397172334,1.8583490698301697
Arkansas,2024-02,0.4633057303909905,58.75851280626254,3.031196846140234
Arkansas,2024-03,0.505670547845595,63.798434581694764,3.7484180714372335
Arkansas,2024-04,0.6146008326494865,73.04203591279092,6.72468301281333
Arkansas,2024-05,0.737852413281519,81.17913233632157,9.283901608071991
Arkansas,2024-06,0.7688724139290567,84.44230145081298,10.778193062498492
Arkansas,2024-07,0.7895036552762265,84.00245627768282,9.934152635281407
Arkansas,2024-08,0.7607412358089918,85.92264722650654,7.642038504759138
Arkansas,2024-09,0.7010632457711974,80.95726616592965,6.270795802704054
Arkansas,2024-10,0.5879632612690203,74.43451674649262,3.366935011908778
Arkansas,2024-11,0.5661360102651003,57.66700855414117,2.2433473300564173
Arkansas,2024-12,0.49945723215787224,46.26350566145042,1.7319592339152738
Arkansas,2025-01,0.46573166987400966,39.97435235917343,1.9314784903582316
Arkansas,2025-02,0.4356872355107926,50.07546428688829,2.949842235361111
Arkansas,2025-03,0.4552834578747574,67.28559291737693,3.5837898620319613
Arkansas,2025-04,0.6113726354078829,71.69052177558255,6.627809921741971
Arkansas,2025-05,0.7337503434635122,75.30943385504143,8.3173649153329
Arkansas,2025-06,0.7810508670953689,82.58378643194837,11.076539556055856
Arkansas,2025-07,0.782068030822258,84.66348657540226,9.739936449424787
Arkansas,2025-08,0.7429991602382727,84.53376117149841,7.569419948406034
Arkansas,2025-09,0.6983107142095584,80.57731564390238,6.202778190159754
Arkansas,2025-10,,74.72248385407784,4.660400492829408
California,2024-01,0.38878672708455214,49.219231551725635,1.9172459026479494
California,2024-02,0.3832216885290648,51.577166625939654,2.632374751007216
California,2024-03,0.4075547402737619,63.29727868222392,3.2025451870347283
California,2024-04,0.42504478976318255,76.248845184716,3.927780907548212
California,2024-05,0.40319764902171873,88.43010133487796,3.7225248433746323
California,2024-06,0.3900692372085462,99.23085137880943,3.161357499493988
California,2024-07,0.3780531197759146,104.07942199137594,1.5959196787934309
California,2024-08,0.3687763748862194,97.9509081243773,1.9561214876617643
California,2024-09,0.36227487427868454,92.15976129767688,1.5937877254964379
California,2024-10,0.36330285005648666,74.13200154873991,1.3510368052305932
California,2024-11,0.33492748161414965,55.81298597847731,1.4021906811066094
California,2024-12,0.34735589055483024,51.5884646146724,1.3844773505490784
California,2025-01,0.37159054031163763,49.32522105792837,1.5183528631691154
California,2025-02,0.34220597707148287,53.75111115789262,2.2129220456652527
California,2025-03,0.37891903161222834,61.897388154240765,2.896158865973883
California,2025-04,0.4064244545175404,77.24510042933169,3.4643241512618865
California,2025-05,0.3879350077724854,86.64551295398462,3.458199255185716
California,2025-06,0.3812389702269361,96.08732219897672,3.0694927516467017
California,2025-07,0.37436930933392226,96.6611384868257,2.571938487421087
California,2025-08,0.3699340942565029,95.44665384696746,1.7865557595733064
California,2025-09,0.3730820352727278,83.705450734323,2.3721350584054126
California,2025-10,,71.41996223028971,1.886055225013535
Colorado,2024-01,0.16317496995651423,29.648525085607854,2.0640011770180466
Colorado,2024-02,0.15703156472179156,39.86235757868259,2.3420926037082763
Colorado,2024-03,0.17358320902540994,54.9739675784008,2.7537582688432387
Colorado,2024-04,0.24846847864535418,73.28694015989956,2.5080070078340198
Colorado,2024-05,0.34192484987454935,79.29089219327732,2.2633053414539868
Colorado,2024-06,0.40886336851401883,93.25700918030364,2.8977918709421773
Colorado,2024-07,0.41317062371247193,94.92147009812507,2.797614869363188
Colorado,2024-08,0.4171472164883437,88.82376625267052,2.5688613033803716
Colorado,2024-09,0.3611752066793006,82.58998290508873,1.5941493807839702
Colorado,2024-10,0.29588876948257525,63.68937116649945,1.3759871565700517
Colorado,2024-11,0.20306337416526088,35.986806633592856,1.8487081225276532
Colorado,2024-12,0.21009441258670541,36.16766120793269,1.694624378602638
Colorado,2025-01,0.17116483254862971,26.983339455518227,2.023953727469545
Colorado,2025-02,0.18988486828346504,40.91163547805676,2.3276675292959115
Colorado,2025-03,0.19969416378756188,54.622804179255205,2.242296650620121
Colorado,2025-04,0.2700623353696693,72.74418606822707,1.6881702513220742
Colorado,2025-05,0.36705420901264096,79.0266593392294,2.359610030269502
Colorado,2025-06,0.4381503220712336,89.38207174880226,3.169046445618868
Colorado,2025-07,0.44024008697113404,91.68904164648035,2.8947455081768005
Colorado,2025-08,0.4197506627083919,87.25218053405902,2.4644021161572347
Colorado,2025-09,0.39317363541476175,73.09010148813293,2.0890483630571715
Colorado,2025-10,,64.08637439907599,1.7126489908584317
Connecticut,2024-01,0.3672740874887648,28.37240752173441,1.322684218136575
Connecticut,2024-02,0.42598481307909425,35.38662965876125,2.0782368736964534
Connecticut,2024-03,0.4802780165034985,49.70346822257064,2.6141295940106626
Connecticut,2024-04,0.5089415502387806,66.61312410980037,4.115443628704566
Connecticut,2024-05,0.7648555513220114,73.11392287840707,8.391208156788899
Connecticut,2024-06,0.8172388117937405,77.03275638820617,11.045822097072897
Connecticut,2024-07,0.8373400499052152,80.89524033886505,9.928002561184801
Connecticut,2024-08,0.8203949095708888,75.03910709197831,8.703613472288337
Connecticut,2024-09,0.7499127347154955,68.26599568655557,5.868357309932622
Connecticut,2024-10,0.5627337456758855,61.09399069438484,2.119301301732137
Connecticut,2024-11,0.5154118693004764,48.44605987464392,1.4314263555761022
Connecticut,2024-12,0.4983548554691796,33.12873142918072,1.175039726747
Connecticut,2025-01,0.4105298533491203,26.336565675880138,1.4632098783449605
Connecticut,2025-02,0.332711080872671,28.143864899707022,2.141233381090717
Connecticut,2025-03,0.4290514850690607,48.13297803542931,2.7445054200923815
Connecticut,2025-04,0.49354104561255374,59.26553273146404,3.5160071313921866
Connecticut,2025-05,0.7742796259033471,66.65010637529375,6.516168392004917
Connecticut,2025-06,0.8254414082297444,78.05982272891026,10.458020788200976
Connecticut,2025-07,0.8220707489618623,78.22023965819389,10.599318534137101
Connecticut,2025-08,0.8076000818153606,75.58033929022018,8.32846975558868
Connecticut,2025-09,0.7653275725886778,69.00976167389167,5.697386553776984
Connecticut,2025-10,,55.90536627352928,2.519178805620127
Delaware,2024-01,0.3706656855997756,39.29803040299127,1.803757296113385
Delaware,2024-02,0.44188304637763154,46.15140072908404,2.614847336476662
Delaware,2024-03,0.46901349361603956,56.489924323737554,3.2043584529089064
Delaware,2024-04,0.5355323834977738,73.83166210533949,5.740484885704344
Delaware,2024-05,0.6187721398543772,80.92549548882207,8.367728745614084
Delaware,2024-06,0.6665546642444836,85.28181072317183,9.41865145900138
Delaware,2024-07,0.763132129343695,85.8612570516063,9.77795444280437
Delaware,2024-08,0.7418568755768659,79.80496445012324,8.862453203112397
Delaware,2024-09,0.6218056325553677,77.02791697751884,5.786631098041507
Delaware,2024-10,0.4850042135749124,69.73567111478096,2.528774163763407
Delaware,2024-11,0.43981975135290924,53.928562747012485,1.8649994631525133
Delaware,2024-12,0.41642467552958534,39.950870274254896,1.637391962069481
Delaware,2025-01,0.35039422946115467,32.600554183776055,1.5519160750054055
Delaware,2025-02,0.37163622585429007,44.6352321916964,2.5231589112128345
Delaware,2025-03,0.39990829660054983,57.695976520170845,3.547023235015863
Delaware,2025-04,0.5102688540345485,65.11362467831643,4.598666251886723
Delaware,2025-05,0.603760496956771,75.96327624475558,6.791770559293297
Delaware,2025-06,0.7029798257796169,85.28296268282507,9.959152532806547
Delaware,2025-07,0.7584195048571243,82.79938786159374,10.871998603222139
Delaware,2025-08,0.7536370133013415,78.17948704874742,8.77893249233931
Delaware,2025-09,0.6512073792365267,75.14666328867483,5.647915868836318
Delaware,2025-10,,63.01516493752882,3.0898032876656747
Florida,2024-01,0.572682069508737,60.572052654363176,3.2043628120763454
Florida,2024-02,0.567152495546514,68.86529678581563,4.433648729338005
Florida,2024-03,0.5949000639978629,75.53487856106156,6.414276222119539
Florida,2024-04,0.6215449794793595,83.49235864602514,7.914276800668799
Florida,2024-05,0.6261979140649895,90.01000739610886,8.68876489835934
Florida,2024-06,0.6431559538251933,88.77016111942409,9.111012539484257
Florida,2024-07,0.6649504228791241,86.70253097384499,8.779517039632008
Florida,2024-08,0.6659069568932888,85.25866261381502,9.54101597230114
Florida,2024-09,0.6727849423873741,83.52707510636448,8.5794388209145
Florida,2024-10,0.6368741834535595,78.72877341279658,6.7845995470103695
Florida,2024-11,0.6492223755082419,70.55691668994093,4.766422189640639
Florida,2024-12,0.5998578865589294,63.882926652529946,3.3534614286567246
Florida,2025-01,0.5772016931840074,58.49291920505116,2.979240868153002
Florida,2025-02,0.5562868402356533,69.11708183629638,5.057110083952352
Florida,2025-03,0.5658889849474924,75.35658776865662,5.482970185202541
Florida,2025-04,0.6003644581724863,83.06857403798864,7.225399743099469
Florida,2025-05,0.6207943728316716,86.368049606192,7.524176478923961
Florida,2025-06,0.6543142021375756,85.02418336764279,8.378648356338642
Florida,2025-07,0.6645904694105522,85.77043454250607,8.724980586839349
Florida,2025-08,0.6795495372593481,84.01086828176014,8.71043559720072
Florida,2025-09,0.6688399294041325,81.77273431976792,8.2286082588818
Florida,2025-10,,79.02077055651738,6.946362527973937
Georgia,2024-01,0.549504687456006,48.41829101571108,2.215976858926233
Georgia,2024-02,0.5290778464545692,60.2308403183596,3.031320478414887
Georgia,2024-03,0.5670857525717148,67.72478810971664,4.811976192467553
Georgia,2024-04,0.6888006508875866,77.11579413038983,7.989251241353656
Georgia,2024-05,0.7324067506420366,81.28681878687568,9.559755586379753
Georgia,2024-06,0.7447696031545391,87.41970247291022,9.011975233880895
Georgia,2024-07,0.77354422734545,85.12371490853994,9.167690687824186
Georgia,2024-08,0.7656363617968086,84.1107421709596,9.891183609606623
Georgia,2024-09,0.7422009298456552,80.53890146062,8.064894975790738
Georgia,2024-10,0.6553504862057891,73.96248942743732,4.971564328081572
Georgia,2024-11,0.6459168655882299,59.96916417109028,3.070822163012741
Georgia,2024-12,0.5886444357300161,51.05236903520613,2.1280205461514545
Georgia,2025-01,0.5588886138187382,46.129607511818335,1.9162555524967597
Georgia,2025-02,0.5305337667876622,58.13999184009175,3.3916534527915103
Georgia,2025-03,0.5489195886715523,67.95630168529937,4.074399772693763
Georgia,2025-04,0.6868267414131776,74.25142222840655,6.962103835445874
Georgia,2025-05,0.7271270708985126,78.75872578264273,8.389743196641735
Georgia,2025-06,0.7570904889302821,82.9303212667611,9.668176358042722
Georgia,2025-07,0.7593785202188437,85.30127570209613,9.002816155117882
Georgia,2025-08,0.7864213914576672,80.3974983052917,9.37515949270691
Georgia,2025-09,0.7274196407530935,78.39519677768807,7.477150994239573
Georgia,2025-10,,72.80674423450736,4.915921363148772
Hawaii,2024-01,0.5700912844279661,76.03117901683358,7.251414385972959
Hawaii,2024-02,0.5482196617615922,74.65899192870386,7.686306701753336
Hawaii,2024-03,0.49686070937731275,77.56934056987765,9.190216003331575
Hawaii,2024-04,0.45294461916591794,81.18577324301467,10.570908824413063
Hawaii,2024-05,0.4817363202069257,81.01800991831962,11.356892494851989
Hawaii,2024-06,0.48777536585365855,84.56449056497759,11.879390625524788
Hawaii,2024-07,0.480559748411017,84.33430101032974,11.043249342852278
Hawaii,2024-08,0.4909084906160534,84.90125282955056,11.13091499339402
Hawaii,2024-09,0.5148678180465512,83.59924471417335,10.052653897097944
Hawaii,2024-10,0.5189504464760285,80.97734868089421,8.256926666190555
Hawaii,2024-11,0.5500552743754384,77.55055989262954,7.547929352132097
Hawaii,2024-12,0.5326998082862925,77.47363710083339,6.3629051351257235
Hawaii,2025-01,0.5162821081167278,73.57516305988942,6.684918672501293
Hawaii,2025-02,0.538890156474533,76.68504143368384,9.08297416225687
Hawaii,2025-03,0.5103728218293458,78.36993026117165,8.73114941517374
Hawaii,2025-04,0.48240140528237974,79.56784972076301,10.179060185534452
Hawaii,2025-05,0.4714479397571194,81.03499848058546,10.557149640047147
Hawaii,2025-06,0.4679116422738361,81.76721052334491,10.695304563124463
Hawaii,2025-07,0.48065567880970034,83.45305633723868,10.754191251076392
Hawaii,2025-08,0.4626869979813005,84.82741298875645,9.702449937693133
Hawaii,2025-09,0.4830821341463415,83.21880354546514,9.567085042699528
Hawaii,2025-10,,79.67077283687549,8.37819071005523
Idaho,2024-01,0.130607753296302,20.25303874499084,1.5428429172279707
Idaho,2024-02,0.16941004677254645,28.19765860087447,2.1572103854795697
Idaho,2024-03,0.2403373703554063,41.78036086585767,2.7938749109306653
Idaho,2024-04,0.3537473993606413,58.23950076315691,3.205147084467884
Idaho,2024-05,0.45784579235392214,71.30531700651846,3.675474570965307
Idaho,2024-06,0.5149211263548014,84.93868160676995,4.42298883389483
Idaho,2024-07,0.4850486995204303,93.66470420157745,3.683519930994481
Idaho,2024-08,0.4446379929577189,86.00848240381681,2.601974427267272
Idaho,2024-09,0.4183057722237329,75.65586728237487,1.8334419600174228
Idaho,2024-10,0.35342253484483255,55.007177966487575,1.476022649050171
Idaho,2024-11,0.20669912179027494,32.378719425932935,1.803746631535759
Idaho,2024-12,0.17708984513072556,25.70464585776815,1.5856702767529163
Idaho,2025-01,0.13667780803339413,19.937393483424785,1.6184475580853803
Idaho,2025-02,0.11108902825994124,23.766479195088255,2.1701017031340095
Idaho,2025-03,0.206066569837377,43.639347837986705,2.715475600591689
Idaho,2025-04,0.33631547916666776,59.54766953816058,2.824454276193948
Idaho,2025-05,0.4630732395891091,72.83062066419845,3.3004724329363433
Idaho,2025-06,0.5080451803073419,85.8795432199162,4.023004715666033
Idaho,2025-07,0.4741294287632036,89.93137916737446,3.5138503843610103
Idaho,2025-08,0.445823893638821,87.25774906344084,2.4245045357631096
Idaho,2025-09,0.434927246805127,69.90128128249349,1.9885310620947836
Idaho,2025-10,,55.81345474504701,1.6319843465647197
Illinois,2024-01,0.14534611725534818,22.932288300517236,1.5381831332046054
Illinois,2024-02,0.302007299660406,50.29345775809217,2.989399786083714
Illinois,2024-03,0.3499893387944019,57.50081408915416,3.2984008070172006
Illinois,2024-04,0.42076994176739957,70.02025424952677,4.506988532746181
Illinois,2024-05,0.5099207556185857,80.23107307988815,5.581766638694093
Illinois,2024-06,0.6371791591887974,84.95799100233673,8.126359632731253
Illinois,2024-07,0.8227192832834157,80.30733237059275,11.023116900940233
Illinois,2024-08,0.7977282132874804,78.51972116524502,10.057246982466866
Illinois,2024-09,0.5553663016350967,78.58976369468499,4.654032015155434
Illinois,2024-10,0.3784753730467681,66.9536649560845,1.9351702425940767
Illinois,2024-11,0.3500862614628893,50.079752457964915,2.051118693621846
Illinois,2024-12,0.3078412576301356,37.54733818379073,1.6277757458912916
Illinois,2025-01,0.2073519328578428,27.16360420750283,1.706876039754138
Illinois,2025-02,0.25004701261864626,36.18552100533892,2.6304308209010214
Illinois,2025-03,0.29377014083186803,57.467804380636814,3.216914782530946
Illinois,2025-04,0.39025686464433745,66.6704723956603,4.234240851568424
Illinois,2025-05,0.48920462293044287,77.90711198500416,5.136111722849358
Illinois,2025-06,0.7013326548263384,82.75617229951627,8.749942678681721
Illinois,2025-07,0.8228180513512408,80.07666404358562,10.941253489833196
Illinois,2025-08,0.7976482146559168,77.24716975166115,9.671065263260228
Illinois,2025-09,0.510981474255255,80.26956510735423,4.541864037438519
Illinois,2025-10,,66.49196377651668,2.3975711668197914
Indiana,2024-01,0.19567856062925465,23.537700445262033,1.4669294278744869
Indiana,2024-02,0.33615901668845044,47.65820024789133,2.958314618873787
Indiana,2024-03,0.38507875187812785,57.28574607620821,3.2917902978679225
Indiana,2024-04,0.46638552702540276,70.46511199650799,5.017695490592794
Indiana,2024-05,0.5627365953303545,78.57416007959583,6.419577132583066
Indiana,2024-06,0.6599169498447248,83.7155448131509,7.888884378230174
Indiana,2024-07,0.8296287453044244,80.2175409731596,10.016016974000816
Indiana,2024-08,0.8048062007698253,78.94126561532731,9.581167002216334
Indiana,2024-09,0.5796144107022507,80.09628812863309,4.716181687524533
Indiana,2024-10,0.43955606968616934,66.16091616358109,2.2045730124845635
Indiana,2024-11,0.4178741630875043,48.75551814543983,2.0091882273285835
Indiana,2024-12,0.3474857716672883,35.90939558124039,1.5328583906267266
Indiana,2025-01,0.2445653804080982,25.36244077174199,1.4662143525341398
Indiana,2025-02,0.30234219796581796,35.66531273952923,2.5787890327558887
Indiana,2025-03,0.348823733051395,55.13495571134198,3.591340651477593
Indiana,2025-04,0.4287002852376222,65.81047750766162,4.616253042459723
Indiana,2025-05,0.5433039967532843,73.14211188933308,5.649883511811344
Indiana,2025-06,0.6883875056974307,82.86142295645102,8.696897302487024
Indiana,2025-07,0.8442742974895678,80.15184245970273,10.31126150621171
Indiana,2025-08,0.8192289948718836,76.93076029978283,9.78204682931689
Indiana,2025-09,0.5778759186662196,78.3810543017913,5.010788104294749
Indiana,2025-10,,65.26171817728901,2.4355301707542187
Iowa,2024-01,0.09629402128845173,17.76895243836508,1.2551528346125906
Iowa,2024-02,0.2569538932898937,49.804337091927856,2.7281137962620687
Iowa,2024-03,0.2827544289421872,56.48182062453243,2.930724739798448
Iowa,2024-04,0.34889404814976793,74.50208902373242,3.450084715186254
Iowa,2024-05,0.4586285137579733,80.21406535725511,4.80159738365782
Iowa,2024-06,0.6341977550444641,85.53449137139945,7.578282344198057
Iowa,2024-07,0.8288716833961509,79.7825301782392,10.848923614144372
Iowa,2024-08,0.8246764378931898,77.28839690433784,9.4907520715944
Iowa,2024-09,0.5396964741148756,77.76091204223636,4.047704197332488
Iowa,2024-10,0.33023946378728924,64.64141483554542,1.7045575201237857
Iowa,2024-11,0.28455691951891166,41.42245511668925,1.9873861476441463
Iowa,2024-12,0.23483259969574813,32.30916300116464,1.4846314615114298
Iowa,2025-01,0.2161674152037007,25.462441662657035,1.8185868080771448
Iowa,2025-02,0.217413399510501,27.7066407557842,2.273323369348305
Iowa,2025-03,0.24081481618985037,55.75108313647364,3.0362271509178695
Iowa,2025-04,0.32312128474706303,65.04745973357362,3.8692379701258655
Iowa,2025-05,0.4325228297108438,84.92755499713637,3.9503011718552945
Iowa,2025-06,0.7079910922174737,84.72243114180185,8.05805613171754
Iowa,2025-07,0.8711331679692632,79.20485920959831,11.29749139563178
Iowa,2025-08,0.8184643217368724,74.14645256873047,8.684007868054584
Iowa,2025-09,0.49449398576736314,77.4426459933035,4.329888738482896
Iowa,2025-10,,64.12508865122663,2.528626453214428
Kansas,2024-01,0.26840156837174767,33.40258197415759,1.6620220453434411
Kansas,2024-02,0.30146932302064255,57.572888630819634,2.116152133677738
Kansas,2024-03,0.3439366575188112,67.4225038071604,2.4491534108529387
Kansas,2024-04,0.42756682294797765,82.06963963891083,3.300596188806443
Kansas,2024-05,0.4967275243788784,85.64109913037444,4.825886691718917
Kansas,2024-06,0.5370642878232866,92.44446475185691,6.021519712874693
Kansas,2024-07,0.5670558730294053,93.86339915976983,5.817909105740184
Kansas,2024-08,0.5782270268596121,92.82309851819196,5.026684791170129
Kansas,2024-09,0.4439721420338969,87.23183530705283,2.905823357341288
Kansas,2024-10,0.3556641151405075,73.0170180556903,1.4826691304480009
Kansas,2024-11,0.35062581311639096,51.14677306756154,1.9477406193236237
Kansas,2024-12,0.32798960335901384,44.816975038680766,1.6684831288861628
Kansas,2025-01,0.264450798457384,33.42956654295227,1.8484093849864354
Kansas,2025-02,0.2779446873189818,44.74116716906502,2.263035259996855
Kansas,2025-03,0.3215495901294069,67.44065211169774,1.9511944425395227
Kansas,2025-04,0.4389087774232077,77.95851872616248,3.1677698760532627
Kansas,2025-05,0.5208581258023277,83.13237369762815,4.821867111366124
Kansas,2025-06,0.5430552485609202,89.42138880240392,6.188581941292441
Kansas,2025-07,0.6300530634373196,90.44472686168913,6.765038829361706
Kansas,2025-08,0.6187328706081345,86.79005545195368,5.834027940419096
Kansas,2025-09,0.5361677995764643,80.25387072647959,4.000805047339779
Kansas,2025-10,,77.02291790214116,2.3521629550436733
Kentucky,2024-01,0.41724837756453825,34.21640254163217,1.6566381172359994
Kentucky,2024-02,0.439705939163956,52.21636620250928,2.661401856504903
Kentucky,2024-03,0.4991730001901915,61.52099860257224,3.2434540474989526
Kentucky,2024-04,0.6304607316861163,71.99952592227696,6.146074091969658
Kentucky,2024-05,0.7787567384523969,76.46079087049519,8.582652095096027
Kentucky,2024-06,0.7943464978577451,81.6475804668735,10.561240029933659
Kentucky,2024-07,0.8270261670905297,81.34609736842287,9.387275873890959
Kentucky,2024-08,0.7913278621104638,82.20486093324291,8.554884811724822
Kentucky,2024-09,0.7169156005114867,79.10958627503695,5.936426175277072
Kentucky,2024-10,0.5914940863415825,67.43852802943758,2.9639149674169856
Kentucky,2024-11,0.5199558601736433,53.17086406906678,1.9502961867130917
Kentucky,2024-12,0.5060210581489485,38.87257613373894,1.5829460108420075
Kentucky,2025-01,0.4334512930256804,32.621157509432365,1.7539382221730102
Kentucky,2025-02,0.4241044326776964,46.204158155029276,2.7748580860421947
Kentucky,2025-03,0.45613596159656683,61.25617468019008,3.443686842512942
Kentucky,2025-04,0.6140601593208014,67.24189996074509,5.1910641363153704
Kentucky,2025-05,0.781514596782065,69.57819837560862,7.415777219814752
Kentucky,2025-06,0.8008295994978901,80.81228461797936,10.223151087382204
Kentucky,2025-07,0.8290666544264127,81.3999343695181,9.983327924559187
Kentucky,2025-08,0.7928615843414724,79.85430315652874,8.281926710970561
Kentucky,2025-09,0.7133280774949348,77.62553186274269,5.658443064654043
Kentucky,2025-10,,65.7825655235075,3.650677293355488
Louisiana,2024-01,0.5023651863192304,51.2436082901562,2.3099214967550514
Louisiana,2024-02,0.48160070947178296,62.41471733992945,3.786867285904174
Louisiana,2024-03,0.5700952094977288,67.71782885641241,4.973555074836136
Louisiana,2024-04,0.6570374148625882,75.062760912404,8.463583212340497
Louisiana,2024-05,0.7138544716700885,83.48312118900922,8.943604645049984
Louisiana,2024-06,0.7124529764177012,85.75848750903549,11.256791346463388
Louisiana,2024-07,0.702385668311469,83.97284932682047,9.103279198450263
Louisiana,2024-08,0.7117697069515188,86.88283910462216,9.073714692077091
Louisiana,2024-09,0.6847436663739074,81.21212020102146,8.417009649913224
Louisiana,2024-10,0.5962537184112148,77.75516532590107,5.076883247251685
Louisiana,2024-11,0.6294743844731174,64.60591535599752,3.4182477007514147
Louisiana,2024-12,0.5523636315722591,56.13894149884345,2.1724053617229466
Louisiana,2025-01,0.49556277708431173,50.50546663567517,2.2271106756314962
Louisiana,2025-02,0.4641264747260165,57.88181499781392,3.9892003065029735
Louisiana,2025-03,0.4799532328895278,69.63635429627146,5.2290387896951245
Louisiana,2025-04,0.6623774579178625,75.88122574402368,8.167670560048059
Louisiana,2025-05,0.7013780332009267,78.69372346982038,8.931504546512766
Louisiana,2025-06,0.7289638223005375,82.4710538121701,10.098685587158291
Louisiana,2025-07,0.7252366414766561,84.05510538742666,9.521079653380568
Louisiana,2025-08,0.7180193220605743,84.46755658248622,8.828122965463004
Louisiana,2025-09,0.6784477707918973,82.1961673529549,7.34975057471127
Louisiana,2025-10,,78.69967817063075,5.452109283275892
Maine,2024-01,0.337297076394602,15.369179673851988,0.8839150507560357
Maine,2024-02,0.3333396609881142,24.072665477037354,1.5733590043501806
Maine,2024-03,0.40676567821615683,33.83977714740142,2.3559362118832494
Maine,2024-04,0.5402252418639747,53.64558057286549,3.641052735576404
Maine,2024-05,0.7126053455829902,65.667844548818,6.9463383564489956
Maine,2024-06,0.8465050621959942,72.69291504897384,9.64249174345776
Maine,2024-07,0.8496310949648038,75.11727213214373,10.369147172320279
Maine,2024-08,0.8300741780302895,69.35142335315798,7.64750196706019
Maine,2024-09,0.742613466447891,65.35308278312905,4.941820193424386
Maine,2024-10,0.6501708103939273,51.537330862408496,1.6458589286414926
Maine,2024-11,0.5222897151000303,36.21874748784601,1.1918368078719743
Maine,2024-12,0.48138782057263835,19.91272843944025,0.8522174842475607
Maine,2025-01,0.4000313885456093,11.046676113747559,0.886319661860549
Maine,2025-02,0.27337063318704,13.266003473978323,1.392742339241347
Maine,2025-03,0.38642383514974,32.467775759277586,2.334173752048905
Maine,2025-04,0.5469752353038819,47.56044585244829,3.3713895759978265
Maine,2025-05,0.6787996550338873,64.56876703964852,4.7442601148576875
Maine,2025-06,0.8349293048210171,71.09888662079547,9.46097021794543
Maine,2025-07,0.8503139628123269,73.05779943987045,9.630337173111222
Maine,2025-08,0.8321192838090121,72.44984616867778,8.243074970885326
Maine,2025-09,0.7333401954318655,62.59377057367897,4.739102420384582
Maine,2025-10,,52.0041974063103,1.8480603554376385
Maryland,2024-01,0.38655496310503723,39.06341777362875,1.7015650938263043
Maryland,2024-02,0.44482117657809744,45.102821908080536,2.514538377686779
Maryland,2024-03,0.47811861858487364,56.11521287549283,3.000654553566265
Maryland,2024-04,0.5814841128153022,71.6874599198056,5.530968315859638
Maryland,2024-05,0.6974940727970391,77.04990092777743,9.004195293469035
Maryland,2024-06,0.7100594626597488,82.29419943790069,10.005518473071767
Maryland,2024-07,0.7539622543141634,84.94250778356896,9.689302975799924
Maryland,2024-08,0.7680027135499687,79.12191775664236,8.844694049462642
Maryland,2024-09,0.6964305893520412,75.12323866790128,5.936810181315148
Maryland,2024-10,0.5560931063125434,66.23451762162861,2.7679751923258533
Maryland,2024-11,0.4813936652932378,54.13043660178977,1.8136512237794962
Maryland,2024-12,0.44336346951826183,38.77368892736054,1.4978019200761974
Maryland,2025-01,0.32306079371036917,29.58315462447242,1.499783582714458
Maryland,2025-02,0.39267091534949267,42.443650476667415,2.365439972595039
Maryland,2025-03,0.41939646995440616,56.42853542853946,3.2604527730977386
Maryland,2025-04,0.5667056211532165,63.41281030209692,4.69685800847032
Maryland,2025-05,0.6921263953611834,72.95978829537574,7.165899560661479
Maryland,2025-06,0.7438118728315617,82.2126672250974,10.522717269270423
Maryland,2025-07,0.7757938177717035,81.36310972814955,10.903545650911918
Maryland,2025-08,0.7622245687116843,76.92274410680781,8.637394981890008
Maryland,2025-09,0.6966062043164766,73.582053900026,5.894862853825646
Maryland,2025-10,,61.525503094683394,3.10860539952051
Massachusetts,2024-01,0.38093205081633696,27.415534995501808,1.2465812767567948
Massachusetts,2024-02,0.4420617777055483,34.37528241137068,1.9934809322703857
Massachusetts,2024-03,0.4789634646561937,46.414039261515505,2.6220213340837697
Massachusetts,2024-04,0.5020953586427879,63.68992940327176,4.212939078521732
Massachusetts,2024-05,0.7250559134269846,72.04986317075331,7.603355535434842
Massachusetts,2024-06,0.7959532263141068,75.8637733267706,10.715339969392245
Massachusetts,2024-07,0.8054676010831276,80.14003400887937,10.05088501955768
Massachusetts,2024-08,0.7912255526561103,74.33677012994961,8.3243163418769
Massachusetts,2024-09,0.7307432508317394,68.78941615801416,5.654919845575821
Massachusetts,2024-10,0.602030245940782,59.880927934950236,2.180868193786799
Massachusetts,2024-11,0.5591909978604163,46.8355866904915,1.464518895933234
Massachusetts,2024-12,0.5289562273190032,31.568872874963667,1.1317649851131852
Massachusetts,2025-01,0.42852791966201526,23.995640798525663,1.3397145582896837
Massachusetts,2025-02,0.2933047019194399,25.541713620450686,1.9599683384382982
Massachusetts,2025-03,0.4624628974452335,45.654196155044005,2.7917417368117508
Massachusetts,2025-04,0.5018096270676525,58.32615442938071,3.634898166170716
Massachusetts,2025-05,0.7285338916118906,65.55351561937735,6.015079988415619
Massachusetts,2025-06,0.7972831580550905,76.88587283732271,10.391883851450482
Massachusetts,2025-07,0.7988436287708848,77.8734869709281,10.098482531801272
Massachusetts,2025-08,0.7851319879647441,74.82970056516804,8.193981422135801
Massachusetts,2025-09,0.7384560699606841,67.7316442121934,5.580086554931074
Massachusetts,2025-10,,55.09583649011618,2.4859534135613433
Michigan,2024-01,0.06669324880104092,20.892523607314093,1.1437750275712972
Michigan,2024-02,0.23930969464605092,36.87793972742732,2.3473909787217653
Michigan,2024-03,0.2649799263269634,42.08027366249139,2.72380413692737
Michigan,2024-04,0.3822578301400245,53.08552993742046,4.291854715414176
Michigan,2024-05,0.5065289255812523,60.72913018243413,7.104667581719973
Michigan,2024-06,0.5629370323761828,65.17415358721722,9.3525390064173
Michigan,2024-07,0.6032689939617243,71.23285274783868,10.485325938913762
Michigan,2024-08,0.616538048777123,70.35065639669304,8.755290109938198
Michigan,2024-09,0.552170712881941,68.88176315978065,5.644080801262599
Michigan,2024-10,0.40032128136452977,54.61010363397711,2.2792918089330154
Michigan,2024-11,0.28764008504885175,44.21844713860382,1.5866250062171183
Michigan,2024-12,0.1240793699004584,27.219356948535232,1.0617356001858578
Michigan,2025-01,0.10537553293611211,22.872836266702585,1.194740206587371
Michigan,2025-02,0.057990677216560156,26.827232116593063,1.7630227748787333
Michigan,2025-03,0.16794218164923022,37.67314934449229,3.0441580625557187
Michigan,2025-04,0.28458811711196247,47.31647698779987,4.0675276780359635
Michigan,2025-05,0.4357966669241583,57.15376145702173,5.3424012553015165
Michigan,2025-06,0.5539480134285285,66.545025485085,9.705165354013145
Michigan,2025-07,0.5911522139785068,70.37501558206873,10.351114614240178
Michigan,2025-08,0.6066896019385966,69.14257041064943,8.624682719203406
Michigan,2025-09,0.5806960008406935,66.47350635854181,5.621804891553222
Michigan,2025-10,,56.864011207935185,2.540380994581526
Minnesota,2024-01,0.15412916217251385,13.907992060902323,1.077020134635884
Minnesota,2024-02,0.25463224461088557,33.32173066427731,2.2191429160843703
Minnesota,2024-03,0.29635700455525965,42.861804648030116,2.597798412319283
Minnesota,2024-04,0.34009968528493584,63.75273519989393,3.396114797577228
Minnesota,2024-05,0.5016662985080429,71.34736481893987,4.991955240409229
Minnesota,2024-06,0.6737354827287575,74.47414234366225,7.991975319691735
Minnesota,2024-07,0.7795460671986058,77.45051727984482,10.172144214723454
Minnesota,2024-08,0.7762555715231136,72.91930992541879,8.502575891691833
Minnesota,2024-09,0.6137876160905343,71.93836669148904,4.722313391473118
Minnesota,2024-10,0.4203196379408594,55.39174016784244,1.8972926689039642
Minnesota,2024-11,0.30730160896991426,36.059526023593676,1.6726205143055008
Minnesota,2024-12,0.14077347806427276,16.728616002522916,0.9536493407377901
Minnesota,2025-01,0.1873125258837318,10.990846726634391,1.0571353315971552
Minnesota,2025-02,0.12901386188599112,15.285775349157678,1.699414326208022
Minnesota,2025-03,0.23765939004882164,39.34624867257054,2.8374307666931475
Minnesota,2025-04,0.31434835884280804,54.35866412295875,3.4984668001946106
Minnesota,2025-05,0.49294759914143343,76.20495097171496,3.9871102017294944
Minnesota,2025-06,0.7113315672365141,76.43981652907846,8.084887195626413
Minnesota,2025-07,0.8176520215942003,75.30893702490037,10.15136539718594
Minnesota,2025-08,0.7790775905467701,70.93633078621045,8.088203347247555
Minnesota,2025-09,0.5908939328242189,70.05648366740336,4.256179161944224
Minnesota,2025-10,,54.58524268732932,2.0652804227879327
Mississippi,2024-01,0.5297972929172846,46.03165138737696,2.2156127882694427
Mississippi,2024-02,0.526428061212219,59.89667031119383,3.5211911255335844
Mississippi,2024-03,0.5646872816711345,64.67339385582177,4.5721419242217864
Mississippi,2024-04,0.6845521752216195,73.95568442706647,8.156909452589995
Mississippi,2024-05,0.761671548390939,82.10055450958541,10.012033061206374
Mississippi,2024-06,0.7850080140097684,85.42746174600988,12.01724258059633
Mississippi,2024-07,0.794207043924275,83.79209881622975,10.05785103138516
Mississippi,2024-08,0.7641748815119188,86.43316583515892,9.258005340662791
Mississippi,2024-09,0.7237951651361807,81.17385930449893,8.041005863729053
Mississippi,2024-10,0.6440366739663151,75.80378080181103,4.846160111061432
Mississippi,2024-11,0.6625276747784676,58.85528974882256,3.0166341256601514
Mississippi,2024-12,0.5817860742538479,51.17178734112107,2.0365135396806013
Mississippi,2025-01,0.5317886257166141,44.62856318109425,2.1449153603520688
Mississippi,2025-02,0.5151674153216532,52.10995662622469,3.5575307281179334
Mississippi,2025-03,0.5085373944028666,66.51157073172035,4.694202792224918
Mississippi,2025-04,0.6935799292517744,74.23235540913294,8.072782772065858
Mississippi,2025-05,0.7687423974697594,76.57321253152087,9.02958654328261
Mississippi,2025-06,0.7988297512186429,81.44655463151547,11.219557575523234
Mississippi,2025-07,0.793420997561932,83.6176891420923,11.133231225652745
Mississippi,2025-08,0.7692548834855674,83.1872653581452,9.175511491341323
Mississippi,2025-09,0.7131643802853339,81.6253872127679,7.487455612083887
Mississippi,2025-10,,76.12652324978465,5.305873124096836
Missouri,2024-01,0.32584697783404526,32.90374723845374,1.5640033463425942
Missouri,2024-02,0.36964905407637344,57.48031839598879,2.5259876899709504
Missouri,2024-03,0.44306795306309704,62.14478432901764,2.9604575066285537
Missouri,2024-04,0.5679218873626881,73.62789356236041,4.940075076754599
Missouri,2024-05,0.7190617858158322,77.84508416790304,8.584601854103125
Missouri,2024-06,0.7471230918383758,84.00279016796442,10.484222692842991
Missouri,2024-07,0.8076959865571658,82.49648589609869,10.424281792255501
Missouri,2024-08,0.7750762870480578,82.92563153471283,8.4784345373683
Missouri,2024-09,0.6472846514190205,79.08436206843923,5.2886748092127664
Missouri,2024-10,0.5122321265642068,68.6768513507838,2.31492866889495
Missouri,2024-11,0.48088631553246314,54.01301014275058,1.8522337122437662
Missouri,2024-12,0.4290754576057445,41.35929320209734,1.6126694887366266
Missouri,2025-01,0.33195261652381963,30.727523342572955,1.6945839726254193
Missouri,2025-02,0.3216326144270879,42.321641882926144,2.4264833677804196
Missouri,2025-03,0.388962705380081,63.644530901300186,2.7939101284145895
Missouri,2025-04,0.5575903910541581,68.88878190559937,4.573981649509338
Missouri,2025-05,0.7084111417611797,74.51285976636538,7.455977323621676
Missouri,2025-06,0.7673037334050283,81.69571486335646,10.412153760288806
Missouri,2025-07,0.8119570430498303,82.44797621442275,10.361044125771665
Missouri,2025-08,0.7640554674268295,81.16886866341684,8.09188242906207
Missouri,2025-09,0.6348581584601785,80.402905730493,5.372835713465488
Missouri,2025-10,,71.42458225633705,3.4530454387758027
Montana,2024-01,0.1955740748103273,22.380834344680558,1.433106715308871
Montana,2024-02,0.13928283637540437,27.81400327911149,2.0977419418040757
Montana,2024-03,0.23216676367200964,45.32282917677393,2.7299842181504372
Montana,2024-04,0.32258393917644634,65.16823424270218,2.933661914414994
Montana,2024-05,0.44141806221077695,70.59246707384978,3.5534102406385797
Montana,2024-06,0.5061054161694494,83.0417815729268,4.471032350343672
Montana,2024-07,0.44536420590302944,95.3497119541879,3.6065885524263366
Montana,2024-08,0.3878632944809664,86.62372595249735,2.503747506060686
Montana,2024-09,0.37893701527063856,76.37993650092088,1.8640303231418607
Montana,2024-10,0.327232519534486,56.28581006735902,1.6173391038419045
Montana,2024-11,0.1796247565888729,31.534493386240047,1.7973271523214558
Montana,2024-12,0.20743341279444458,28.275573537102435,1.6382946265796625
Montana,2025-01,0.05576743236744069,17.71806091314288,1.4124446522607477
Montana,2025-02,0.09426502194437682,16.88621373020835,1.7079809660437721
Montana,2025-03,0.22245663107294528,47.96106769659237,2.6541710014674518
Montana,2025-04,0.31034058320406,62.75336724537182,2.7855457375032193
Montana,2025-05,0.4393402207930917,74.97811436017312,3.219120715842921
Montana,2025-06,0.5015117996877709,84.33988212606678,3.949078274325308
Montana,2025-07,0.4614459801862524,87.67459835857527,3.7228566021633367
Montana,2025-08,0.4359554324482809,84.47769872359007,2.790309187928349
Montana,2025-09,0.40383924276265615,73.57897302132898,2.016523545722941
Montana,2025-10,,56.04902076290064,1.8273241434157512
Nebraska,2024-01,0.08562426963387948,23.871644086171194,1.4706584123693522
Nebraska,2024-02,0.24096900796123005,49.73629718761221,2.101598774414072
Nebraska,2024-03,0.2561559598013816,61.28790150599063,2.472569218557244
Nebraska,2024-04,0.31534073171179566,75.88049901262077,2.6120151865697756
Nebraska,2024-05,0.42256581850609093,84.65478338550435,3.652692838614496
Nebraska,2024-06,0.5435737005949788,90.11794421104085,5.780438420635696
Nebraska,2024-07,0.6330710617723545,90.22907533333586,7.067187858204871
Nebraska,2024-08,0.6128928396259969,88.36425493016179,5.780719269007139
Nebraska,2024-09,0.42675184392862625,84.93113170676615,2.6582801313920634
Nebraska,2024-10,0.30638484825888057,67.57074918086701,1.4754314835475695
Nebraska,2024-11,0.26333096819662155,44.45952466245183,1.9559204011598619
Nebraska,2024-12,0.24952455622557204,40.87373168420386,1.7985238823461935
Nebraska,2025-01,0.19045833812151405,28.30993785396935,1.8869000085447605
Nebraska,2025-02,0.2174520303797974,35.384149402806614,2.065150797712872
Nebraska,2025-03,0.229165280221739,61.70618704302946,2.068586082568363
Nebraska,2025-04,0.2933562145383266,77.313591630449,2.166335266372934
Nebraska,2025-05,0.3954787633303024,86.22486853635844,2.8513084706635907
Nebraska,2025-06,0.5670312587756224,89.1109597555654,5.679559171005123
Nebraska,2025-07,0.6869927807694851,87.75298257054604,7.636033555312232
Nebraska,2025-08,0.6380878315555837,82.66557540565974,6.155739490634684
Nebraska,2025-09,0.5126023350628737,78.23578951692951,3.397957516547049
Nebraska,2025-10,,65.01292744147906,1.8926456196080605
Nevada,2024-01,0.16346515987212804,37.51382885807809,2.160073264034153
Nevada,2024-02,0.1246155238829985,41.654226009968035,2.5603351253689977
Nevada,2024-03,0.1735479510520655,59.39679072183087,2.4092035028030616
Nevada,2024-04,0.22763768538928336,78.14704571432092,1.8992782809557254
Nevada,2024-05,0.24063543572629492,93.15421137295468,1.0901879351288404
Nevada,2024-06,0.21909703706864503,108.34998319451327,0.893109280724972
Nevada,2024-07,0.19988774598715092,112.56007450205374,0.45868799593676723
Nevada,2024-08,0.18816894674119508,104.24643740700931,0.45943685626930103
Nevada,2024-09,0.18449718679927352,92.9253362959002,0.48919075042107985
Nevada,2024-10,0.1871590524014125,69.01474280045036,0.8731702167409067
Nevada,2024-11,0.16099031565294092,45.54445664847033,1.4772764458972445
Nevada,2024-12,0.16989899784615445,40.81454000361606,1.5880082890100249
Nevada,2025-01,0.15266164017530914,36.50221031796381,1.7954973326804127
Nevada,2025-02,0.15932410279618714,46.480342167761684,1.8054444636821394
Nevada,2025-03,0.14465527707963285,58.57175141225116,1.911854979509085
Nevada,2025-04,0.19798464962629264,79.80304097222711,1.1018379405218282
Nevada,2025-05,0.22018394263389351,91.27953550100725,1.1768007804098053
Nevada,2025-06,0.2001332732563128,105.30278164824705,0.7313679667151234
Nevada,2025-07,0.1863512438861845,106.93578838485631,0.48085087222323897
Nevada,2025-08,0.18458859689108842,100.41844719322731,0.5054927914536251
Nevada,2025-09,0.18706921924061654,81.6886661946422,0.8884580191107214
Nevada,2025-10,,66.42846542623671,1.0601237695480623
New Hampshire,2024-01,0.3824837506970992,19.956507103298485,1.0424369072339814
New Hampshire,2024-02,0.35800891898776926,29.42071774425184,1.891677189300289
New Hampshire,2024-03,0.46284770806933023,37.97932749653269,2.5095745424153573
New Hampshire,2024-04,0.5172935804578044,56.77437943480199,3.783928760862287
New Hampshire,2024-05,0.7464482432018202,67.04884074265709,7.087730979958833
New Hampshire,2024-06,0.8484312104499728,73.23195938517934,9.788506847326317
New Hampshire,2024-07,0.8569055707501996,75.5335544097753,10.322703261822898
New Hampshire,2024-08,0.8350870887036832,69.99896929430153,7.772210451769767
New Hampshire,2024-09,0.7458278695555933,65.11997777227435,5.323117331817948
New Hampshire,2024-10,0.614944902864337,55.7015394294941,1.7509204784609471
New Hampshire,2024-11,0.6199603768585228,40.467890452634855,1.2968846274227503
New Hampshire,2024-12,0.45073826226421626,23.72536108853716,0.8965523227990131
New Hampshire,2025-01,0.4087530993822454,15.35955007627457,1.0272975621549603
New Hampshire,2025-02,0.24956762277204222,15.562103303483035,1.6790036209321395
New Hampshire,2025-03,0.4191898292130778,37.48618367634899,2.4879008872195145
New Hampshire,2025-04,0.5236247307050389,53.91691588327531,3.3489578767950943
New Hampshire,2025-05,0.7372103115527999,64.47692643509677,5.122925154261197
New Hampshire,2025-06,0.848374307101291,72.57642608447924,9.704879830215917
New Hampshire,2025-07,0.8593719433722389,73.45463370883714,9.596707468009987
New Hampshire,2025-08,0.8333582921109628,72.98018985388245,8.084877991591906
New Hampshire,2025-09,0.736987519679977,64.74156984181248,4.951074243781775
New Hampshire,2025-10,,51.43634639258354,2.042963109376516
New Jersey,2024-01,0.3417552429219927,34.75603948753361,1.6101917045320158
New Jersey,2024-02,0.4271551839370346,42.11947013335382,2.3253633732539014
New Jersey,2024-03,0.4451803461367952,55.08128357343058,2.8135385844364857
New Jersey,2024-04,0.5105939205786918,71.59408641600848,4.97689855461679
New Jersey,2024-05,0.7054933566982418,78.70669776325171,8.674887611265175
New Jersey,2024-06,0.7013243845418654,82.37131329456471,10.631992317882021
New Jersey,2024-07,0.7448601530239634,85.48456849870921,9.829434838492336
New Jersey,2024-08,0.7346329499813806,79.9811265863271,8.78451383894207
New Jersey,2024-09,0.6578066189525589,74.57418958302875,6.044252518898541
New Jersey,2024-10,0.5278246367617141,65.83264902287837,2.6354314426485956
New Jersey,2024-11,0.4546632306311077,52.141971407674305,1.7536595847969718
New Jersey,2024-12,0.4368171914256413,37.23027822843326,1.4497326418158252
New Jersey,2025-01,0.3729027547575412,29.848465777104025,1.549658912985647
New Jersey,2025-02,0.3616642761055802,39.42725475491866,2.289860912903336
New Jersey,2025-03,0.38930000747272414,53.349186464438404,3.0992259984183432
New Jersey,2025-04,0.4837339203799359,64.44243799991096,3.8881945263070166
New Jersey,2025-05,0.6667896468799793,72.05680457592506,6.8259086135942475
New Jersey,2025-06,0.725849136714951,83.2116005669289,10.12484690727063
New Jersey,2025-07,0.7323808530261772,81.99964237449953,10.775318634663098
New Jersey,2025-08,0.7249748694797069,78.55395028306233,8.191661772321506
New Jersey,2025-09,0.6742678413758597,73.18067343806382,5.7865515770597815
New Jersey,2025-10,,59.76797432055778,2.8837335777221136
New Mexico,2024-01,0.19789832793631637,44.69449187512383,1.8240972529235493
New Mexico,2024-02,0.19416800022717765,58.178544198832334,1.5202949247038944
New Mexico,2024-03,0.20170426834661612,71.79591899432195,1.5952662986316548
New Mexico,2024-04,0.2145348658256597,91.05336311026754,0.977103230552679
New Mexico,2024-05,0.2380426474469828,100.42891195750644,0.9194716879922418
New Mexico,2024-06,0.26715273498615205,107.98541709069951,1.1263729482737288
New Mexico,2024-07,0.2859240543049686,103.85402462799111,1.2841228039770756
New Mexico,2024-08,0.29402078310019203,100.74317497436323,1.2801170630993586
New Mexico,2024-09,0.27681802619905105,92.61041822352146,1.0354913561292411
New Mexico,2024-10,0.264529325261734,75.71577967487715,0.9287973178033849
New Mexico,2024-11,0.2439549435375007,53.09060341192948,1.1637818414950698
New Mexico,2024-12,0.22777400306512918,52.15605505541491,1.0807732719059944
New Mexico,2025-01,0.21710135750982887,44.17820591941565,1.5007922529620878
New Mexico,2025-02,0.20957783880954262,61.20246393927833,1.0919538743231072
New Mexico,2025-03,0.20353138046499816,70.96314078803981,0.9548426692935039
New Mexico,2025-04,0.21865821993866694,87.60524457142878,0.690189981384315
New Mexico,2025-05,0.2518626883718784,91.6835678699019,1.089018818646915
New Mexico,2025-06,0.2821899216707426,100.35014355127039,1.4158781273716368
New Mexico,2025-07,0.32627423421136936,97.23907809621957,1.6249911990914145
New Mexico,2025-08,0.3215829893332148,94.54230050518855,1.2954514660734526
New Mexico,2025-09,0.32115708877304266,82.85999916278544,1.5037562827215127
New Mexico,2025-10,,71.71384941479445,1.439769891484583
New York,2024-01,0.1846458249550959,20.825657357071954,1.1278292307437878
New York,2024-02,0.35812182374395374,34.6517911315971,2.244618847487011
New York,2024-03,0.38104819907202636,44.4621277784031,2.8684450359570484
New York,2024-04,0.4856643504856373,59.94023407553889,4.242250950556506
New York,2024-05,0.7405974210028431,68.85442894231866,8.30751843017599
New York,2024-06,0.7844974044022337,72.82746478906137,9.914939497386012
New York,2024-07,0.8154464876042817,76.31155440999834,10.638208788915305
New York,2024-08,0.8094023178918989,72.32229900273407,8.609576924522678
New York,2024-09,0.7201684086499825,67.79905832477242,5.958901525435205
New York,2024-10,0.5784824301682292,56.948058293541386,2.1584666339540473
New York,2024-11,0.5350100663832439,43.54386924473857,1.4512600273391807
New York,2024-12,0.2911312467311444,23.97011746744347,1.0020628211462161
New York,2025-01,0.17693732578548652,15.472531980687599,1.0727015676895393
New York,2025-02,0.1351026490013617,20.276895365495943,1.691669687496433
New York,2025-03,0.38257473219027655,41.820720304821805,2.9442987573319503
New York,2025-04,0.47354639940761384,54.45562982336406,3.8257561443322614
New York,2025-05,0.6981978943872349,63.09377763160445,5.760504784305224
New York,2025-06,0.7887750296214682,73.30219298589678,10.300012971518726
New York,2025-07,0.807042803791922,75.35065486250556,10.519640359496178
New York,2025-08,0.7900271797648255,73.01498243155702,8.654767185709701
New York,2025-09,0.7217744085105061,67.56470535561573,5.42652287456073
New York,2025-10,,54.82714309423208,2.274445808769594
North Carolina,2024-01,0.5234621198231707,44.822253035542886,1.9483062014378523
North Carolina,2024-02,0.5136370572534081,53.684527850728685,2.638811440331722
North Carolina,2024-03,0.540305383966879,64.54960090349132,3.755499249220644
North Carolina,2024-04,0.6368920512411176,75.5956370081287,6.675483043802902
North Carolina,2024-05,0.7439461309776545,79.29215116610321,9.483070212055045
North Carolina,2024-06,0.7447475220843304,84.0802565270574,9.880372693882633
North Carolina,2024-07,0.7968002877686197,84.82848180700881,9.881273928426175
North Carolina,2024-08,0.7982545522984449,80.43325668545603,9.811315837205768
North Carolina,2024-09,0.7501001473827821,76.041216196824,7.581323264153832
North Carolina,2024-10,0.6374544501179519,68.93277587650093,3.9020639583475414
North Carolina,2024-11,0.5995012759237454,56.4747020441814,2.2026956595738
North Carolina,2024-12,0.5457606656774721,46.29591867904745,1.7177528482984006
North Carolina,2025-01,0.5234166626752736,39.729798369840964,1.602742439397605
North Carolina,2025-02,0.5040743245466107,51.700608904283946,2.5384381702478
North Carolina,2025-03,0.5123782503633987,64.60196665883615,3.6139751830042646
North Carolina,2025-04,0.6509407032860534,69.07922092792873,5.796703315081131
North Carolina,2025-05,0.7426822557547331,74.29513195449701,7.915041034225999
North Carolina,2025-06,0.7756696654192924,81.73996051416658,10.640664060073787
North Carolina,2025-07,0.7893882206668946,82.67177461356249,10.290847789202246
North Carolina,2025-08,0.795523724845176,77.26742223255022,9.195144159805944
North Carolina,2025-09,0.7304820360752043,75.33100031580429,6.8271891375164815
North Carolina,2025-10,,66.38844681282619,4.07571373872993
North Dakota,2024-01,0.08057779493310221,17.293837564966303,1.0276138068204008
North Dakota,2024-02,0.14769612680047103,32.616200820632415,2.1298534896691677
North Dakota,2024-03,0.19980087961426402,40.93859762358991,2.4562259626440603
North Dakota,2024-04,0.2531253393716806,67.61622561912694,3.1449491808562655
North Dakota,2024-05,0.41461974958464864,77.23762399740619,3.748685625040562
North Dakota,2024-06,0.5907576120787462,79.66724931893634,6.321072627339441
North Dakota,2024-07,0.6734164174150098,84.24516463208137,8.949207608243666
North Dakota,2024-08,0.598546128426141,79.38394922098709,5.784922501366756
North Dakota,2024-09,0.4438314839296287,77.02453298104487,3.0982218948751368
North Dakota,2024-10,0.31739120620256883,58.150168355685096,1.714231488149227
North Dakota,2024-11,0.148444302861073,31.462110693683837,1.699394866076144
North Dakota,2024-12,0.06421047897110213,20.85471119318362,0.9893447590263936
North Dakota,2025-01,0.03859513223196845,11.75090072653029,0.9771521327248888
North Dakota,2025-02,0.06984300592159473,7.3873144503216395,1.434771832205462
North Dakota,2025-03,0.20328965600755888,44.30373699681935,2.772995065488166
North Dakota,2025-04,0.24344804646216567,63.21818309345863,2.794999561717131
North Dakota,2025-05,0.35482709568641585,82.55772309118844,2.784628167258761
North Dakota,2025-06,0.5896986816173477,83.26718255674157,5.760738895636083
North Dakota,2025-07,0.6833536262694229,80.59269197310662,7.678405061884132
North Dakota,2025-08,0.6326979134146872,77.5942121893192,6.102249851755987
North Dakota,2025-09,0.4795548801327322,74.08360282506484,3.033688440967919
North Dakota,2025-10,,56.03602084234101,1.9387835086282326
Ohio,2024-01,0.2415055287610339,27.284239904923414,1.4171729501075399
Ohio,2024-02,0.3499493449499841,44.54536983396066,2.776123336952442
Ohio,2024-03,0.3843359424072212,54.567035527051544,3.1050338948844147
Ohio,2024-04,0.4926924352836097,68.69224415386148,5.295434494307505
Ohio,2024-05,0.6106113028871457,76.48953435410141,7.409000730923338
Ohio,2024-06,0.6460883337189433,81.13622658612425,8.283206861305377
Ohio,2024-07,0.7360217559258186,81.25755809879016,9.58137030862285
Ohio,2024-08,0.7206728167857995,79.11074441242755,8.868264932099684
Ohio,2024-09,0.5781882852482884,79.3219746438314,4.936170946684251
Ohio,2024-10,0.45316594562465634,64.07419109606187,2.2071105450714597
Ohio,2024-11,0.370651544610256,47.37703624549509,1.7130254710822421
Ohio,2024-12,0.3435168837200135,36.9520399475923,1.3797408871760148
Ohio,2025-01,0.08860353049985507,23.005103816515863,1.3256992625488422
Ohio,2025-02,0.25738687041574126,30.23451883956028,2.402588774203852
Ohio,2025-03,0.36851528310329845,54.63364613185483,3.5397383168179797
Ohio,2025-04,0.46235121001418195,62.3368043146824,4.41422455397932
Ohio,2025-05,0.5664078460082075,67.94110348809136,6.200573134571213
Ohio,2025-06,0.6267266443429772,81.28205002813525,8.76091180770899
Ohio,2025-07,0.7613696446612321,80.12086773388575,9.600909113549832
Ohio,2025-08,0.7511992912086594,76.44876670738805,9.086002095816866
Ohio,2025-09,0.6208331562554656,76.28308194080574,5.0779018799268565
Ohio,2025-10,,62.82264784621183,2.587883281562099
Oklahoma,2024-01,0.3796141072644175,43.70419459902793,1.9303245562619198
Oklahoma,2024-02,0.3822687979816594,61.60946955829081,2.405196918267203
Oklahoma,2024-03,0.4456964951063614,68.67882528091128,3.2845675728673975
Oklahoma,2024-04,0.5648360926969321,80.48042126992051,5.663635525708035
Oklahoma,2024-05,0.6113894877927513,85.7724883044771,7.397336711144479
Oklahoma,2024-06,0.6030173200221248,92.21763967392094,7.509883536545283
Oklahoma,2024-07,0.5836352758551445,93.47677414974717,6.339428624573366
Oklahoma,2024-08,0.5619515127395899,96.51038251876727,5.007103249050819
Oklahoma,2024-09,0.4935849348746268,89.62923275838888,3.7807404874409385
Oklahoma,2024-10,0.43427122076795405,77.64931154879056,2.130526729084861
Oklahoma,2024-11,0.43642494984984814,57.26274361154549,1.9730740827073596
Oklahoma,2024-12,0.39152518169850903,49.58602227721574,1.794175658101653
Oklahoma,2025-01,0.36837551169036664,40.77307642602794,1.960043882381119
Oklahoma,2025-02,0.3483071134752456,52.85035198836482,2.447118641111022
Oklahoma,2025-03,0.3963015280977737,70.51910522835236,2.3933376959852337
Oklahoma,2025-04,0.5600872819224676,76.46599460084329,4.754202234561128
Oklahoma,2025-05,0.633751100771057,80.1728465854138,7.186088676639614
Oklahoma,2025-06,0.6501595609780003,86.09575264555681,8.28180587129673
Oklahoma,2025-07,0.6411870752713756,90.14054671605832,7.712342781422377
Oklahoma,2025-08,0.6250619177703965,89.42224236784651,5.8176239646132
Oklahoma,2025-09,0.5835282247516322,83.43375481893825,4.5308141961094845
Oklahoma,2025-10,,79.83577593276851,2.82559483797659
Oregon,2024-01,0.31513682856385655,31.89614213065879,1.4169198042714368
Oregon,2024-02,0.4062570581689658,38.40526363855228,2.2519866944884686
Oregon,2024-03,0.43470758239795415,50.832920527843626,2.829661375182808
Oregon,2024-04,0.5082070619710949,62.2451596140642,3.3995659497926343
Oregon,2024-05,0.5287310009910643,75.40915230211577,4.354508762584796
Oregon,2024-06,0.5115768846238966,87.63776633975871,4.601010406637401
Oregon,2024-07,0.4752798601166639,97.03329165691142,3.775881326026187
Oregon,2024-08,0.46354841649770956,87.25604023375713,3.166916715925161
Oregon,2024-09,0.4578815568568553,77.62064976579266,2.583195030860487
Oregon,2024-10,0.445205508584366,57.163233121754466,1.9138721546892812
Oregon,2024-11,0.3831490451311056,38.91494537555833,1.7750246727392338
Oregon,2024-12,0.3344505692873393,34.31990262677889,1.390825575754751
Oregon,2025-01,0.3866995780443916,32.94956790819826,1.6491011693249635
Oregon,2025-02,0.2753781911714507,30.63625134452848,2.016673862218431
Oregon,2025-03,0.38881790498428254,48.78399167654159,2.749151184313143
Oregon,2025-04,0.4738903953985398,63.500621286515454,3.1899205788733616
Oregon,2025-05,0.5204379654117578,73.90700223737393,4.042198672850997
Oregon,2025-06,0.4996155772039787,86.85138623320618,4.392041714124606
Oregon,2025-07,0.49123450222513265,90.24777637814151,4.081000402218759
Oregon,2025-08,0.473825674658701,87.62495437539413,3.041294634081823
Oregon,2025-09,0.47886595968866535,72.36664460279887,2.798295265758959
Oregon,2025-10,,57.750830255512575,2.0804238362050245
Pennsylvania,2024-01,0.28017285417119675,25.958259796704873,1.3449540297781684
Pennsylvania,2024-02,0.43036996436631736,39.633672562324946,2.3028694657162
Pennsylvania,2024-03,0.4585055604696095,52.75099475231036,2.777630591762675
Pennsylvania,2024-04,0.5325219134213826,67.54377036997325,4.655583849048061
Pennsylvania,2024-05,0.7804150742795424,73.33433335239081,8.930017411453424
Pennsylvania,2024-06,0.7954576232730656,76.07594265416593,10.226804480034957
Pennsylvania,2024-07,0.8057766232295993,80.86160431771671,10.20524688858311
Pennsylvania,2024-08,0.8148789393722204,74.74732088998374,8.921763341803635
Pennsylvania,2024-09,0.7378609465463664,70.86179673796381,6.028287209750745
Pennsylvania,2024-10,0.5701116394328025,59.826706589992696,2.157653468601854
Pennsylvania,2024-11,0.47798121266077864,47.036977832998886,1.532509273994423
Pennsylvania,2024-12,0.3723366453883396,31.687896912924078,1.1645583542806461
Pennsylvania,2025-01,0.22418860499538606,18.867090596150398,1.2617873934063537
Pennsylvania,2025-02,0.28353957159270127,29.88707497226485,2.0448683265302896
Pennsylvania,2025-03,0.41616639730843974,50.43125604322753,2.968602901381724
Pennsylvania,2025-04,0.5218702559436295,60.05365771656794,3.834384615744762
Pennsylvania,2025-05,0.739172818555636,66.9932559461981,6.407916785357859
Pennsylvania,2025-06,0.8089488695500533,77.9816221996953,10.283613638388777
Pennsylvania,2025-07,0.8135441346117599,77.89258440822836,10.438732938507394
Pennsylvania,2025-08,0.8033761872644111,74.07281720056571,8.709216825036185
Pennsylvania,2025-09,0.7068280404669833,70.83942696795603,5.417649376333332
Pennsylvania,2025-10,,56.5333639292752,2.3911702516577034
Rhode Island,2024-01,0.3952595878687604,30.090455168367292,1.3089036164251624
Rhode Island,2024-02,0.4468879190710495,36.06893940493419,2.0248832262545493
Rhode Island,2024-03,0.46900619636769925,50.017820373211734,2.662700215783967
Rhode Island,2024-04,0.4897515684662828,65.84021584291881,4.411470612380809
Rhode Island,2024-05,0.6847748901380349,71.48049939392664,7.4642657475176595
Rhode Island,2024-06,0.7723733508394997,76.81891740617854,11.489125709942282
Rhode Island,2024-07,0.7736410759600659,82.34723914883494,10.111224021042615
Rhode Island,2024-08,0.775707193466598,75.9879930195519,8.387427223269167
Rhode Island,2024-09,0.7218430724779913,68.57642634845402,5.819619013804838
Rhode Island,2024-10,0.583696152863586,61.021911542608066,2.521155989829072
Rhode Island,2024-11,0.5368338198240931,48.67286086311399,1.5616279675471696
Rhode Island,2024-12,0.5154831198689864,34.19252096899665,1.2037175601663088
Rhode Island,2025-01,0.43978578905898796,27.619210053003577,1.453897675883178
Rhode Island,2025-02,0.41446360373836116,31.427813461538268,2.1053683028877477
Rhode Island,2025-03,0.4426897031369824,47.92890408468067,2.985182581179924
Rhode Island,2025-04,0.4826543308682389,59.49303560655164,3.7361403616974185
Rhode Island,2025-05,0.7078288676785295,66.75814109572667,6.292000313430601
Rhode Island,2025-06,0.760335465032589,78.18326977793251,10.643483825047433
Rhode Island,2025-07,0.7724841120254453,78.74123181756855,10.304003208671032
Rhode Island,2025-08,0.7578760509982736,75.85388655608494,7.852832080451182
Rhode Island,2025-09,0.7288698200817626,68.93559168114888,5.815014322820638
Rhode Island,2025-10,,56.635181755581115,2.7889083118347138
South Carolina,2024-01,0.5494353192850508,48.62803073122598,2.013569987942106
South Carolina,2024-02,0.533411976219243,57.637867712453286,2.8161729579655943
South Carolina,2024-03,0.562421597158719,67.24722797214501,4.485195543255915
South Carolina,2024-04,0.6819117800855055,77.26618832590307,7.6514461463573245
South Carolina,2024-05,0.7449382218719734,82.10832539954617,9.886224741107496
South Carolina,2024-06,0.7471460989605743,85.57991940752734,9.555942184507304
South Carolina,2024-07,0.7610732036163108,86.3588091715848,9.389729766786962
South Carolina,2024-08,0.767660173860312,82.40720072607196,10.009423300343194
South Carolina,2024-09,0.730101373219188,79.05238625688649,8.014474530313349
South Carolina,2024-10,0.6602382420930812,72.32569697416764,4.585622723234995
South Carolina,2024-11,0.6541995320661301,59.062832150790214,2.6634086017332055
South Carolina,2024-12,0.5743036471175967,49.460230506713955,1.8932450590625125
South Carolina,2025-01,0.5585542360551831,44.1507521928023,1.7064396144112801
South Carolina,2025-02,0.5336036387137523,56.16713785688454,2.9979285479323177
South Carolina,2025-03,0.5337987109729858,67.58105169954985,3.849693614305034
South Carolina,2025-04,0.697683369562661,72.36774049457792,6.912238879589155
South Carolina,2025-05,0.7315688399877616,77.54605449329217,8.649052123236562
South Carolina,2025-06,0.7682662194226698,83.27884822376544,10.112820010488502
South Carolina,2025-07,0.7552467410756393,86.0314945747891,9.12499512597986
South Carolina,2025-08,0.7809880744375989,79.39786311412834,9.092134730881607
South Carolina,2025-09,0.7302191740151489,76.78263047171995,7.213528121126823
South Carolina,2025-10,,69.5092593791189,4.754983825289166
South Dakota,2024-01,0.05887258497026099,18.166005719037948,1.1350279529627847
South Dakota,2024-02,0.2210773643316096,42.15668161312267,2.2329278875016447
South Dakota,2024-03,0.24120807026161456,52.46442287116797,2.4511018142594705
South Dakota,2024-04,0.30762275186192545,72.0212202843405,2.7350366231239773
South Dakota,2024-05,0.48413576780042245,79.98038516515307,3.937900904781289
South Dakota,2024-06,0.5394447081145258,87.24129058142545,5.895212452981389
South Dakota,2024-07,0.5821670438712886,90.72877925027557,6.403615993091127
South Dakota,2024-08,0.5731912163131451,85.87334444167264,5.298795045132638
South Dakota,2024-09,0.4247316305061701,82.67974171232837,2.923777230852942
South Dakota,2024-10,0.3099629098791455,65.30993600751125,1.583664074874848
South Dakota,2024-11,0.26875236129655944,39.5883086261329,1.8420466742597903
South Dakota,2024-12,0.22911002253276652,35.090371823126944,1.6606670657367963
South Dakota,2025-01,0.14934347096089534,20.357619357118246,1.626497861633759
South Dakota,2025-02,0.17028800247708806,27.852846605407784,1.9730851178615114
South Dakota,2025-03,0.22355610522285116,55.895929255190616,2.25615993039226
South Dakota,2025-04,0.2912009141459682,70.93032372231389,2.2740175714557953
South Dakota,2025-05,0.4303590945835794,83.70473722052921,3.239539785921946
South Dakota,2025-06,0.5578173212231621,86.9843374911817,5.627976262482573
South Dakota,2025-07,0.6293050179147114,86.99169585229245,6.447232602328622
South Dakota,2025-08,0.6149389330346785,81.9316922737373,5.687195718459454
South Dakota,2025-09,0.5148092752780503,76.2819649130573,3.2587075774554033
South Dakota,2025-10,,60.2875543004962,1.9592791725219636
Tennessee,2024-01,0.42989673980006377,38.41067122646594,1.7920075624310745
Tennessee,2024-02,0.4562558464211262,55.75878205007469,2.7378823596077626
Tennessee,2024-03,0.5125310547597565,63.50047829219103,3.514743935588067
Tennessee,2024-04,0.6542536914073963,72.39453169732924,6.518147349446642
Tennessee,2024-05,0.7863741353516956,77.05625468060472,8.483078155837731
Tennessee,2024-06,0.7967604431087876,83.14278830943582,10.951481870522151
Tennessee,2024-07,0.8070306951775144,83.93560750940148,9.522796769815653
Tennessee,2024-08,0.7762567214021125,83.76667768443309,8.679550764370969
Tennessee,2024-09,0.7340231412223623,80.10336195063383,6.496852389519912
Tennessee,2024-10,0.6246548804157848,69.65075211377047,3.6099709839227985
Tennessee,2024-11,0.5917453512139603,53.6849033513016,2.1586297264756102
Tennessee,2024-12,0.5239018202394875,42.17536093868905,1.6727139917595772
Tennessee,2025-01,0.4815604149167885,37.46988812669796,1.860611286600169
Tennessee,2025-02,0.4504397811043712,50.73430984758519,2.7426208627537894
Tennessee,2025-03,0.47992599613775994,64.58426757956731,3.5136356153103008
Tennessee,2025-04,0.6648064188279942,70.0459258580176,5.810877457522407
Tennessee,2025-05,0.7812516345132777,71.31416242349954,8.085230118772493
Tennessee,2025-06,0.808014540342271,80.5591768507804,10.591974926987364
Tennessee,2025-07,0.8193519692351584,82.56032398836389,10.811457243112606
Tennessee,2025-08,0.7876673420389264,80.08433796157287,8.524903141693674
Tennessee,2025-09,0.7290061052552648,77.14679473095916,6.600697965676968
Tennessee,2025-10,,69.12190438098557,4.246619919576586
Texas,2024-01,0.3706300294684538,54.64767316934457,1.8428798998332243
Texas,2024-02,0.3691518280086675,68.04817596760566,2.3188524750976343
Texas,2024-03,0.435537081464075,77.54639285943423,3.176913620381934
Texas,2024-04,0.4720593722806889,85.89240356913004,4.6852028718045675
Texas,2024-05,0.47344754854977394,95.00428645524138,5.219883753630209
Texas,2024-06,0.46406728338742337,97.63561430883064,5.3851877165225535
Texas,2024-07,0.45952851119154775,97.8316469700397,4.406956762885876
Texas,2024-08,0.44393384458767127,101.01435656829844,3.6087844260032065
Texas,2024-09,0.4479283101642924,91.8366457699664,3.7320976838172015
Texas,2024-10,0.40419515621250784,84.28270231155925,2.333385868628421
Texas,2024-11,0.410910433582279,67.45916536623065,1.9224062587746014
Texas,2024-12,0.3755000110815038,60.56707706608356,1.7110058125829213
Texas,2025-01,0.3491546142505648,51.80303518539525,1.78573116545272
Texas,2025-02,0.33523670164549757,66.16393905547604,2.3289630904356526
Texas,2025-03,0.3449063815035027,78.85001248452215,2.301786139058658
Texas,2025-04,0.45453625393450703,84.15258013077246,3.876941399950263
Texas,2025-05,0.4885225402091369,87.9577109405609,4.51648316371872
Texas,2025-06,0.5031246312637307,91.50724819191262,5.15035707451813
Texas,2025-07,0.511626204156664,92.71391934643876,4.928374977637498
Texas,2025-08,0.4793332367819945,93.97837087598572,3.6334583880362428
Texas,2025-09,0.4597398875657031,88.87307785652906,3.4436166324782076
Texas,2025-10,,83.65189287130775,2.300415400731057
Utah,2024-01,0.15583179378695147,33.79354236276673,2.3021971289560708
Utah,2024-02,0.14211152047386846,39.95410929476833,2.57175869044546
Utah,2024-03,0.16324664871655387,55.40851494265397,2.621706919757549
Utah,2024-04,0.21879970910873114,74.74308625774731,2.07970633791785
Utah,2024-05,0.2664605308060562,85.7964518613044,1.5004720924243267
Utah,2024-06,0.28788082588858727,100.36642103429045,1.836562224226125
Utah,2024-07,0.27643395636213425,104.79436685635488,1.4438417661216432
Utah,2024-08,0.27904210026642945,93.69642773479578,1.4513686486885367
Utah,2024-09,0.2549857073572062,86.44970722093309,0.8962073246794685
Utah,2024-10,0.23189187374725723,63.77102741552176,1.1688814096039428
Utah,2024-11,0.19910346667366594,41.31805767766457,1.6075608811998026
Utah,2024-12,0.18734694125069196,35.4885013369523,1.7632216703608916
Utah,2025-01,0.16679200749528258,30.560062163015527,1.977553988107536
Utah,2025-02,0.16781579764555038,43.50612480475752,2.020535495864242
Utah,2025-03,0.16479138362974777,54.48028616868305,1.994679898152557
Utah,2025-04,0.21994505767241576,74.12082427712473,1.1574226515381012
Utah,2025-05,0.2628334822501546,85.8924311545925,1.4879840852470114
Utah,2025-06,0.27364194142239423,98.25703375062895,1.6196927570168234
Utah,2025-07,0.2640805068255987,100.74372454605347,1.276480551236964
Utah,2025-08,0.2612962489768898,94.19509845188615,1.2440547539048026
Utah,2025-09,0.25865475737189647,78.05817785535793,1.2591687483826643
Utah,2025-10,,60.80979880401475,1.5331959547510452
Vermont,2024-01,0.18825231233419837,15.598224807957784,1.070139615809992
Vermont,2024-02,0.26044256695155277,28.90392186668829,2.0385270340248898
Vermont,2024-03,0.3484868891829633,36.74085605415885,2.686691392828051
Vermont,2024-04,0.4755769078224202,56.08027335971774,3.8871880354362935
Vermont,2024-05,0.7610923783189752,65.78594945265827,7.628776149837893
Vermont,2024-06,0.8404210003169014,71.87136534945935,9.877837005385958
Vermont,2024-07,0.8565874377451971,73.88179358910702,10.614321571461264
Vermont,2024-08,0.8458232686050766,69.75006947826128,7.832742771521757
Vermont,2024-09,0.7274026078875913,64.6139431933532,5.587570135728624
Vermont,2024-10,0.5936497659867551,56.39271786953229,1.8612292937975878
Vermont,2024-11,0.5697813972932526,39.10949605401122,1.2670917518592566
Vermont,2024-12,0.27672850702248253,19.029385919526476,0.8581106617302696
Vermont,2025-01,0.25487977902042425,9.892390706985726,1.003551909822078
Vermont,2025-02,0.16785615338468743,12.60505725849648,1.596157797447343
Vermont,2025-03,0.3572172554832179,36.939645834010605,2.6951935624366854
Vermont,2025-04,0.4817293695337997,53.47966456711682,3.4423729951987947
Vermont,2025-05,0.7330387725506124,64.62513986651034,5.406418551405351
Vermont,2025-06,0.8404134864635239,71.47845795162758,10.039817979528586
Vermont,2025-07,0.8633109135232208,72.81001730128227,10.037772151502814
Vermont,2025-08,0.8284725618272948,72.00829395622279,8.304805893456399
Vermont,2025-09,0.7268274565002408,64.31945201194618,4.822426894718285
Vermont,2025-10,,52.142197190688684,2.021173692209246
Virginia,2024-01,0.47680347325965233,40.721242407631756,1.6895004076896598
Virginia,2024-02,0.48658279284705025,47.97039711814731,2.3520291682613657
Virginia,2024-03,0.5223492926495823,60.03205927893515,3.006154118430972
Virginia,2024-04,0.6209161298830256,73.51547996923844,5.715514096995079
Virginia,2024-05,0.7919208588573804,74.45751957324691,9.833776893531365
Virginia,2024-06,0.7803896374297306,81.33674282519583,10.634377291694983
Virginia,2024-07,0.8055004601500416,83.50412518297512,9.799094377481039
Virginia,2024-08,0.8177177741831876,78.7618961834946,9.404087189758844
Virginia,2024-09,0.7770593551063991,74.42558996496415,6.78397304166053
Virginia,2024-10,0.6417374196885016,65.68998719397635,3.3729892912929795
Virginia,2024-11,0.5634588925696665,54.35646186638445,1.7897016894479438
Virginia,2024-12,0.5234795155660225,40.24762126139785,1.450181778402071
Virginia,2025-01,0.43775034315445865,33.83739925419201,1.533067482836049
Virginia,2025-02,0.46387864576357646,45.779945397365665,2.223485776631364
Virginia,2025-03,0.47761504332367316,61.39220964089645,3.1322008558153054
Virginia,2025-04,0.637955668288987,65.4700852103381,4.876092586563813
Virginia,2025-05,0.7977708402659992,70.32229772048608,8.015005693975935
Virginia,2025-06,0.8110939541658673,80.08919230996825,10.983449714142804
Virginia,2025-07,0.8217612087147529,79.96741623542108,10.667401303361213
Virginia,2025-08,0.8155131887130848,75.48275300982141,8.965885609316663
Virginia,2025-09,0.7537470167499469,72.53891107180148,6.579110481269107
Virginia,2025-10,,62.436370199151575,3.4361104021758617
Washington,2024-01,0.23865185758549762,23.483559840206112,1.0324575425495284
Washington,2024-02,0.43517654353456414,36.01264817395467,1.7924366548630437
Washington,2024-03,0.4825603261770897,49.44811610366187,2.7457728111799593
Washington,2024-04,0.5485787504937106,58.52894317262879,3.5288795505017565
Washington,2024-05,0.5910349374060702,69.34124257435363,4.67585780084774
Washington,2024-06,0.6086160256230285,77.13887995466962,5.539967402306151
Washington,2024-07,0.5759067965592662,89.28700579656234,5.427954191240686
Washington,2024-08,0.5569605339676963,80.2162345369157,4.119980924501743
Washington,2024-09,0.5472171804815181,71.67479609240192,2.9552599064692595
Washington,2024-10,0.47982203398305584,51.91879096328423,1.896206950972086
Washington,2024-11,0.350383728854931,35.495731659730424,1.3238845648018307
Washington,2024-12,0.3340622389282778,31.70148524301237,0.8946700281851736
Washington,2025-01,0.3848705954874109,30.490153546773787,1.313525583932849
Washington,2025-02,0.3358513282236819,29.25904453527063,1.8025622396535148
Washington,2025-03,0.43166176894959757,45.65548037133142,2.569392025245027
Washington,2025-04,0.525613314351733,59.890249566857236,3.5413334080277803
Washington,2025-05,0.5839173110207999,69.09823894676938,4.465998497903404
Washington,2025-06,0.5920749553397968,80.13840371260383,5.593843395664789
Washington,2025-07,0.5818857392443986,84.29745834053601,5.145222030917316
Washington,2025-08,0.5631963954155252,82.70070145077467,3.9517967111406826
Washington,2025-09,0.5501246987430385,69.76034224932451,3.096962875909219
Washington,2025-10,,53.08248890329596,1.9824346151233523
West Virginia,2024-01,0.33846687139798726,33.36582026128424,1.6285122167337456
West Virginia,2024-02,0.44049744872583624,44.856463439145145,2.3850771174054777
West Virginia,2024-03,0.46811839372164377,57.09191155320116,2.8748840999291203
West Virginia,2024-04,0.5777550077064478,69.79676397224294,5.1240857865076155
West Virginia,2024-05,0.8553486771088885,71.29837854344088,9.784881117402588
West Virginia,2024-06,0.8710961782068147,75.67965419113982,10.988511047725929
West Virginia,2024-07,0.8468161095880257,80.24956359419743,8.854966456082325
West Virginia,2024-08,0.8323087797566254,78.62770504455176,8.257054118914684
West Virginia,2024-09,0.7814773627794694,73.94629632139866,6.230238522827867
West Virginia,2024-10,0.6049679774714729,62.58241964619363,2.5840307642266835
West Virginia,2024-11,0.4682789077999757,51.600867378402725,1.617273805289634
West Virginia,2024-12,0.42259400781570666,34.64384727015113,1.4827905187817756
West Virginia,2025-01,0.20619365463669612,26.113254158676433,1.4854256736757085
West Virginia,2025-02,0.4181908844348216,37.74941904147946,2.4317592125483722
West Virginia,2025-03,0.4365415610713052,57.93370405042192,2.987224341171562
West Virginia,2025-04,0.569287650101321,62.723070224393176,3.8757928027668753
West Virginia,2025-05,0.8345705155100734,65.37112545549681,7.373249018271442
West Virginia,2025-06,0.8688161004142574,77.05815858343632,11.426120058708344
West Virginia,2025-07,0.8544771238449068,76.50357516844602,9.238290943366023
West Virginia,2025-08,0.8465141969760683,72.99403954153613,8.587770911541305
West Virginia,2025-09,0.7796787760802941,70.19376148014312,5.9267786803958336
West Virginia,2025-10,,58.56712598676986,3.0394943702533714
Wisconsin,2024-01,0.11252372072852429,14.016764736948279,1.1293092277418832
Wisconsin,2024-02,0.31531249692210656,38.21960833482699,2.367971061099247
Wisconsin,2024-03,0.3310233486264884,42.972417853021724,2.624869655145336
Wisconsin,2024-04,0.40105358872911023,61.74454099828483,3.8083669683117667
Wisconsin,2024-05,0.5876189587179887,68.0878800435029,6.546719679145288
Wisconsin,2024-06,0.6614251154041262,70.51108436811755,9.062410032216071
Wisconsin,2024-07,0.7212076319660955,75.46966147990038,10.681531516387523
Wisconsin,2024-08,0.7341575762410527,72.24910110500596,9.248706531871047
Wisconsin,2024-09,0.6420295011118184,70.28531039180339,5.521196498649892
Wisconsin,2024-10,0.46575943690969474,55.903152752262486,1.9440749889464586
Wisconsin,2024-11,0.3579439317154701,38.96562830271125,1.523323630885059
Wisconsin,2024-12,0.24979396722693442,22.449676540712893,1.0528058891731875
Wisconsin,2025-01,0.2590056086820467,18.53938369853421,1.3015185142284165
Wisconsin,2025-02,0.17257759143038068,20.205387778656085,1.7374254850194675
Wisconsin,2025-03,0.2703309900868505,39.58625757764187,2.938122537702614
Wisconsin,2025-04,0.35220549337482365,52.726079649165456,4.114915507814122
Wisconsin,2025-05,0.528538299037655,67.28240294261958,5.311428767639633
Wisconsin,2025-06,0.6930036174286224,73.47858647626984,9.783220911336182
Wisconsin,2025-07,0.7416466590157765,74.01750556548151,10.882981985449998
Wisconsin,2025-08,0.7472843223956125,70.6919310119201,8.860195886809281
Wisconsin,2025-09,0.636052462604601,68.07314985675103,5.440415364884076
Wisconsin,2025-10,,58.258305922441345,2.457748148871178
Wyoming,2024-01,0.11654758531610698,22.51910237113742,1.8820756745438965
Wyoming,2024-02,0.10470228175600628,30.12430764084784,2.365184277191386
Wyoming,2024-03,0.14627751138162445,48.18840807729789,2.8642867105857635
Wyoming,2024-04,0.21342379563488212,65.25180593969353,3.1463411801256016
Wyoming,2024-05,0.319091325741774,74.42238101946673,2.622578073108841
Wyoming,2024-06,0.35522877190067953,91.1858406746466,2.5816758202058185
Wyoming,2024-07,0.32157369943189645,98.73106806308611,1.7917758937843955
Wyoming,2024-08,0.2967876306089203,92.15997707281716,1.5023796975639703
Wyoming,2024-09,0.26777957234796135,82.28156843646828,0.9329577292668056
Wyoming,2024-10,0.2086766852512165,58.904406471168365,1.393871433800231
Wyoming,2024-11,0.1537376360034251,33.9427770062488,1.982457404391601
Wyoming,2024-12,0.16205766174086875,31.073396209170276,1.9618754017231002
Wyoming,2025-01,0.04267138680004253,15.96263945547927,1.8544313868407236
Wyoming,2025-02,0.1011118729998255,28.8420335560347,2.2695136581841977
Wyoming,2025-03,0.13808153620964456,47.962134920556515,2.584695912232524
Wyoming,2025-04,0.21003587475494187,64.77861439230931,2.5442625489731325
Wyoming,2025-05,0.31994381755026224,76.12357078437384,2.5576820942507448
Wyoming,2025-06,0.3699216387350756,89.25163466692806,2.5411467504664773
Wyoming,2025-07,0.3400335489716276,93.8791447083799,1.9248593940787995
Wyoming,2025-08,0.3081852538218491,90.04793876254891,1.4276883389259472
Wyoming,2025-09,0.29528395154726317,73.65829789579936,1.5148720495129098
Wyoming,2025-10,,54.325803356041675,1.6541337175198791
